Data as of,Start week,End Week,State,Sex,Age group,COVID-19 Deaths
07/22/2020,02/01/2020,07/11/2020,United States,All,Under 1 year,11.0
07/22/2020,02/01/2020,07/11/2020,United States,All,1-4 years,9.0
07/22/2020,02/01/2020,07/11/2020,United States,All,5-14 years,16.0
07/22/2020,02/01/2020,07/11/2020,United States,All,15-24 years,190.0
07/22/2020,02/01/2020,07/11/2020,United States,All,25-34 years,935.0
07/22/2020,02/01/2020,07/11/2020,United States,All,35-44 years,2411.0
07/22/2020,02/01/2020,07/11/2020,United States,All,45-54 years,6566.0
07/22/2020,02/01/2020,07/11/2020,United States,All,55-64 years,15880.0
07/22/2020,02/01/2020,07/11/2020,United States,All,65-74 years,27167.0
07/22/2020,02/01/2020,07/11/2020,United States,All,75-84 years,34399.0
07/22/2020,02/01/2020,07/11/2020,United States,All,85 years and over,42666.0
07/22/2020,02/01/2020,07/11/2020,United States,All,All Ages,130250.0
07/22/2020,02/01/2020,07/11/2020,United States,Male,Under 1 year,6.0
07/22/2020,02/01/2020,07/11/2020,United States,Male,1-4 years,4.0
07/22/2020,02/01/2020,07/11/2020,United States,Male,5-14 years,13.0
07/22/2020,02/01/2020,07/11/2020,United States,Male,15-24 years,122.0
07/22/2020,02/01/2020,07/11/2020,United States,Male,25-34 years,640.0
07/22/2020,02/01/2020,07/11/2020,United States,Male,35-44 years,1692.0
07/22/2020,02/01/2020,07/11/2020,United States,Male,45-54 years,4570.0
07/22/2020,02/01/2020,07/11/2020,United States,Male,55-64 years,10455.0
07/22/2020,02/01/2020,07/11/2020,United States,Male,65-74 years,16858.0
07/22/2020,02/01/2020,07/11/2020,United States,Male,75-84 years,18734.0
07/22/2020,02/01/2020,07/11/2020,United States,Male,85 years and over,16581.0
07/22/2020,02/01/2020,07/11/2020,United States,Male,All ages,69675.0
07/22/2020,02/01/2020,07/11/2020,United States,Female,Under 1 year,5.0
07/22/2020,02/01/2020,07/11/2020,United States,Female,1-4 years,5.0
07/22/2020,02/01/2020,07/11/2020,United States,Female,5-14 years,3.0
07/22/2020,02/01/2020,07/11/2020,United States,Female,15-24 years,68.0
07/22/2020,02/01/2020,07/11/2020,United States,Female,25-34 years,295.0
07/22/2020,02/01/2020,07/11/2020,United States,Female,35-44 years,719.0
07/22/2020,02/01/2020,07/11/2020,United States,Female,45-54 years,1996.0
07/22/2020,02/01/2020,07/11/2020,United States,Female,55-64 years,5425.0
07/22/2020,02/01/2020,07/11/2020,United States,Female,65-74 years,10308.0
07/22/2020,02/01/2020,07/11/2020,United States,Female,75-84 years,15664.0
07/22/2020,02/01/2020,07/11/2020,United States,Female,85 years and over,26082.0
07/22/2020,02/01/2020,07/11/2020,United States,Female,All ages,60570.0
07/22/2020,02/01/2020,07/11/2020,United States,Unknown,All ages,5.0
07/22/2020,02/01/2020,07/11/2020,United States Total,All,All Ages,130250.0
07/22/2020,02/01/2020,07/11/2020,Alabama,Male,Under 1 year,0.0
07/22/2020,02/01/2020,07/11/2020,Alabama,Male,1-4 years,0.0
07/22/2020,02/01/2020,07/11/2020,Alabama,Male,5-14 years,0.0
07/22/2020,02/01/2020,07/11/2020,Alabama,Male,15-24 years,0.0
07/22/2020,02/01/2020,07/11/2020,Alabama,Male,25-34 years,
07/22/2020,02/01/2020,07/11/2020,Alabama,Male,35-44 years,
07/22/2020,02/01/2020,07/11/2020,Alabama,Male,45-54 years,53.0
07/22/2020,02/01/2020,07/11/2020,Alabama,Male,55-64 years,99.0
07/22/2020,02/01/2020,07/11/2020,Alabama,Male,65-74 years,173.0
07/22/2020,02/01/2020,07/11/2020,Alabama,Male,75-84 years,180.0
07/22/2020,02/01/2020,07/11/2020,Alabama,Male,85 years and over,129.0
07/22/2020,02/01/2020,07/11/2020,Alabama,Male,All ages,651.0
07/22/2020,02/01/2020,07/11/2020,Alabama,Female,Under 1 year,0.0
07/22/2020,02/01/2020,07/11/2020,Alabama,Female,1-4 years,0.0
07/22/2020,02/01/2020,07/11/2020,Alabama,Female,5-14 years,0.0
07/22/2020,02/01/2020,07/11/2020,Alabama,Female,15-24 years,0.0
07/22/2020,02/01/2020,07/11/2020,Alabama,Female,25-34 years,
07/22/2020,02/01/2020,07/11/2020,Alabama,Female,35-44 years,16.0
07/22/2020,02/01/2020,07/11/2020,Alabama,Female,45-54 years,33.0
07/22/2020,02/01/2020,07/11/2020,Alabama,Female,55-64 years,82.0
07/22/2020,02/01/2020,07/11/2020,Alabama,Female,65-74 years,146.0
07/22/2020,02/01/2020,07/11/2020,Alabama,Female,75-84 years,154.0
07/22/2020,02/01/2020,07/11/2020,Alabama,Female,85 years and over,179.0
07/22/2020,02/01/2020,07/11/2020,Alabama,Female,All ages,614.0
07/22/2020,02/01/2020,07/11/2020,Alabama,Unknown,All ages,0.0
07/22/2020,02/01/2020,07/11/2020,Alabama Total,All,All Ages,1265.0
07/22/2020,02/01/2020,07/11/2020,Alaska,Male,Under 1 year,0.0
07/22/2020,02/01/2020,07/11/2020,Alaska,Male,1-4 years,0.0
07/22/2020,02/01/2020,07/11/2020,Alaska,Male,5-14 years,0.0
07/22/2020,02/01/2020,07/11/2020,Alaska,Male,15-24 years,0.0
07/22/2020,02/01/2020,07/11/2020,Alaska,Male,25-34 years,0.0
07/22/2020,02/01/2020,07/11/2020,Alaska,Male,35-44 years,0.0
07/22/2020,02/01/2020,07/11/2020,Alaska,Male,45-54 years,0.0
07/22/2020,02/01/2020,07/11/2020,Alaska,Male,55-64 years,0.0
07/22/2020,02/01/2020,07/11/2020,Alaska,Male,65-74 years,
07/22/2020,02/01/2020,07/11/2020,Alaska,Male,75-84 years,
07/22/2020,02/01/2020,07/11/2020,Alaska,Male,85 years and over,
07/22/2020,02/01/2020,07/11/2020,Alaska,Male,All ages,
07/22/2020,02/01/2020,07/11/2020,Alaska,Female,Under 1 year,0.0
07/22/2020,02/01/2020,07/11/2020,Alaska,Female,1-4 years,0.0
07/22/2020,02/01/2020,07/11/2020,Alaska,Female,5-14 years,0.0
07/22/2020,02/01/2020,07/11/2020,Alaska,Female,15-24 years,0.0
07/22/2020,02/01/2020,07/11/2020,Alaska,Female,25-34 years,
07/22/2020,02/01/2020,07/11/2020,Alaska,Female,35-44 years,0.0
07/22/2020,02/01/2020,07/11/2020,Alaska,Female,45-54 years,
07/22/2020,02/01/2020,07/11/2020,Alaska,Female,55-64 years,
07/22/2020,02/01/2020,07/11/2020,Alaska,Female,65-74 years,
07/22/2020,02/01/2020,07/11/2020,Alaska,Female,75-84 years,
07/22/2020,02/01/2020,07/11/2020,Alaska,Female,85 years and over,0.0
07/22/2020,02/01/2020,07/11/2020,Alaska,Female,All ages,
07/22/2020,02/01/2020,07/11/2020,Alaska,Unknown,All ages,0.0
07/22/2020,02/01/2020,07/11/2020,Alaska Total,All,All Ages,11.0
07/22/2020,02/01/2020,07/11/2020,Arizona,Male,Under 1 year,0.0
07/22/2020,02/01/2020,07/11/2020,Arizona,Male,1-4 years,
07/22/2020,02/01/2020,07/11/2020,Arizona,Male,5-14 years,
07/22/2020,02/01/2020,07/11/2020,Arizona,Male,15-24 years,
07/22/2020,02/01/2020,07/11/2020,Arizona,Male,25-34 years,29.0
07/22/2020,02/01/2020,07/11/2020,Arizona,Male,35-44 years,47.0
07/22/2020,02/01/2020,07/11/2020,Arizona,Male,45-54 years,109.0
07/22/2020,02/01/2020,07/11/2020,Arizona,Male,55-64 years,219.0
07/22/2020,02/01/2020,07/11/2020,Arizona,Male,65-74 years,294.0
07/22/2020,02/01/2020,07/11/2020,Arizona,Male,75-84 years,378.0
07/22/2020,02/01/2020,07/11/2020,Arizona,Male,85 years and over,305.0
07/22/2020,02/01/2020,07/11/2020,Arizona,Male,All ages,1391.0
07/22/2020,02/01/2020,07/11/2020,Arizona,Female,Under 1 year,0.0
07/22/2020,02/01/2020,07/11/2020,Arizona,Female,1-4 years,0.0
07/22/2020,02/01/2020,07/11/2020,Arizona,Female,5-14 years,0.0
07/22/2020,02/01/2020,07/11/2020,Arizona,Female,15-24 years,
07/22/2020,02/01/2020,07/11/2020,Arizona,Female,25-34 years,11.0
07/22/2020,02/01/2020,07/11/2020,Arizona,Female,35-44 years,26.0
07/22/2020,02/01/2020,07/11/2020,Arizona,Female,45-54 years,49.0
07/22/2020,02/01/2020,07/11/2020,Arizona,Female,55-64 years,131.0
07/22/2020,02/01/2020,07/11/2020,Arizona,Female,65-74 years,221.0
07/22/2020,02/01/2020,07/11/2020,Arizona,Female,75-84 years,278.0
07/22/2020,02/01/2020,07/11/2020,Arizona,Female,85 years and over,333.0
07/22/2020,02/01/2020,07/11/2020,Arizona,Female,All ages,1052.0
07/22/2020,02/01/2020,07/11/2020,Arizona,Unknown,All ages,0.0
07/22/2020,02/01/2020,07/11/2020,Arizona Total,All,All Ages,2443.0
07/22/2020,02/01/2020,07/11/2020,Arkansas,Male,Under 1 year,0.0
07/22/2020,02/01/2020,07/11/2020,Arkansas,Male,1-4 years,0.0
07/22/2020,02/01/2020,07/11/2020,Arkansas,Male,5-14 years,0.0
07/22/2020,02/01/2020,07/11/2020,Arkansas,Male,15-24 years,
07/22/2020,02/01/2020,07/11/2020,Arkansas,Male,25-34 years,
07/22/2020,02/01/2020,07/11/2020,Arkansas,Male,35-44 years,
07/22/2020,02/01/2020,07/11/2020,Arkansas,Male,45-54 years,17.0
07/22/2020,02/01/2020,07/11/2020,Arkansas,Male,55-64 years,40.0
07/22/2020,02/01/2020,07/11/2020,Arkansas,Male,65-74 years,41.0
07/22/2020,02/01/2020,07/11/2020,Arkansas,Male,75-84 years,54.0
07/22/2020,02/01/2020,07/11/2020,Arkansas,Male,85 years and over,31.0
07/22/2020,02/01/2020,07/11/2020,Arkansas,Male,All ages,192.0
07/22/2020,02/01/2020,07/11/2020,Arkansas,Female,Under 1 year,
07/22/2020,02/01/2020,07/11/2020,Arkansas,Female,1-4 years,0.0
07/22/2020,02/01/2020,07/11/2020,Arkansas,Female,5-14 years,0.0
07/22/2020,02/01/2020,07/11/2020,Arkansas,Female,15-24 years,
07/22/2020,02/01/2020,07/11/2020,Arkansas,Female,25-34 years,
07/22/2020,02/01/2020,07/11/2020,Arkansas,Female,35-44 years,
07/22/2020,02/01/2020,07/11/2020,Arkansas,Female,45-54 years,
07/22/2020,02/01/2020,07/11/2020,Arkansas,Female,55-64 years,17.0
07/22/2020,02/01/2020,07/11/2020,Arkansas,Female,65-74 years,17.0
07/22/2020,02/01/2020,07/11/2020,Arkansas,Female,75-84 years,40.0
07/22/2020,02/01/2020,07/11/2020,Arkansas,Female,85 years and over,75.0
07/22/2020,02/01/2020,07/11/2020,Arkansas,Female,All ages,170.0
07/22/2020,02/01/2020,07/11/2020,Arkansas,Unknown,All ages,0.0
07/22/2020,02/01/2020,07/11/2020,Arkansas Total,All,All Ages,362.0
07/22/2020,02/01/2020,07/11/2020,California,Male,Under 1 year,0.0
07/22/2020,02/01/2020,07/11/2020,California,Male,1-4 years,0.0
07/22/2020,02/01/2020,07/11/2020,California,Male,5-14 years,0.0
07/22/2020,02/01/2020,07/11/2020,California,Male,15-24 years,
07/22/2020,02/01/2020,07/11/2020,California,Male,25-34 years,49.0
07/22/2020,02/01/2020,07/11/2020,California,Male,35-44 years,141.0
07/22/2020,02/01/2020,07/11/2020,California,Male,45-54 years,340.0
07/22/2020,02/01/2020,07/11/2020,California,Male,55-64 years,675.0
07/22/2020,02/01/2020,07/11/2020,California,Male,65-74 years,974.0
07/22/2020,02/01/2020,07/11/2020,California,Male,75-84 years,986.0
07/22/2020,02/01/2020,07/11/2020,California,Male,85 years and over,894.0
07/22/2020,02/01/2020,07/11/2020,California,Male,All ages,4066.0
07/22/2020,02/01/2020,07/11/2020,California,Female,Under 1 year,0.0
07/22/2020,02/01/2020,07/11/2020,California,Female,1-4 years,0.0
07/22/2020,02/01/2020,07/11/2020,California,Female,5-14 years,0.0
07/22/2020,02/01/2020,07/11/2020,California,Female,15-24 years,
07/22/2020,02/01/2020,07/11/2020,California,Female,25-34 years,15.0
07/22/2020,02/01/2020,07/11/2020,California,Female,35-44 years,54.0
07/22/2020,02/01/2020,07/11/2020,California,Female,45-54 years,129.0
07/22/2020,02/01/2020,07/11/2020,California,Female,55-64 years,269.0
07/22/2020,02/01/2020,07/11/2020,California,Female,65-74 years,493.0
07/22/2020,02/01/2020,07/11/2020,California,Female,75-84 years,764.0
07/22/2020,02/01/2020,07/11/2020,California,Female,85 years and over,1306.0
07/22/2020,02/01/2020,07/11/2020,California,Female,All ages,3034.0
07/22/2020,02/01/2020,07/11/2020,California,Unknown,All ages,0.0
07/22/2020,02/01/2020,07/11/2020,California Total,All,All Ages,7100.0
07/22/2020,02/01/2020,07/11/2020,Colorado,Male,Under 1 year,0.0
07/22/2020,02/01/2020,07/11/2020,Colorado,Male,1-4 years,0.0
07/22/2020,02/01/2020,07/11/2020,Colorado,Male,5-14 years,0.0
07/22/2020,02/01/2020,07/11/2020,Colorado,Male,15-24 years,
07/22/2020,02/01/2020,07/11/2020,Colorado,Male,25-34 years,
07/22/2020,02/01/2020,07/11/2020,Colorado,Male,35-44 years,15.0
07/22/2020,02/01/2020,07/11/2020,Colorado,Male,45-54 years,56.0
07/22/2020,02/01/2020,07/11/2020,Colorado,Male,55-64 years,115.0
07/22/2020,02/01/2020,07/11/2020,Colorado,Male,65-74 years,198.0
07/22/2020,02/01/2020,07/11/2020,Colorado,Male,75-84 years,259.0
07/22/2020,02/01/2020,07/11/2020,Colorado,Male,85 years and over,266.0
07/22/2020,02/01/2020,07/11/2020,Colorado,Male,All ages,919.0
07/22/2020,02/01/2020,07/11/2020,Colorado,Female,Under 1 year,0.0
07/22/2020,02/01/2020,07/11/2020,Colorado,Female,1-4 years,0.0
07/22/2020,02/01/2020,07/11/2020,Colorado,Female,5-14 years,0.0
07/22/2020,02/01/2020,07/11/2020,Colorado,Female,15-24 years,
07/22/2020,02/01/2020,07/11/2020,Colorado,Female,25-34 years,
07/22/2020,02/01/2020,07/11/2020,Colorado,Female,35-44 years,
07/22/2020,02/01/2020,07/11/2020,Colorado,Female,45-54 years,16.0
07/22/2020,02/01/2020,07/11/2020,Colorado,Female,55-64 years,41.0
07/22/2020,02/01/2020,07/11/2020,Colorado,Female,65-74 years,115.0
07/22/2020,02/01/2020,07/11/2020,Colorado,Female,75-84 years,200.0
07/22/2020,02/01/2020,07/11/2020,Colorado,Female,85 years and over,342.0
07/22/2020,02/01/2020,07/11/2020,Colorado,Female,All ages,724.0
07/22/2020,02/01/2020,07/11/2020,Colorado,Unknown,All ages,0.0
07/22/2020,02/01/2020,07/11/2020,Colorado Total,All,All Ages,1643.0
07/22/2020,02/01/2020,07/11/2020,Connecticut,Male,Under 1 year,0.0
07/22/2020,02/01/2020,07/11/2020,Connecticut,Male,1-4 years,0.0
07/22/2020,02/01/2020,07/11/2020,Connecticut,Male,5-14 years,0.0
07/22/2020,02/01/2020,07/11/2020,Connecticut,Male,15-24 years,
07/22/2020,02/01/2020,07/11/2020,Connecticut,Male,25-34 years,
07/22/2020,02/01/2020,07/11/2020,Connecticut,Male,35-44 years,16.0
07/22/2020,02/01/2020,07/11/2020,Connecticut,Male,45-54 years,69.0
07/22/2020,02/01/2020,07/11/2020,Connecticut,Male,55-64 years,213.0
07/22/2020,02/01/2020,07/11/2020,Connecticut,Male,65-74 years,429.0
07/22/2020,02/01/2020,07/11/2020,Connecticut,Male,75-84 years,538.0
07/22/2020,02/01/2020,07/11/2020,Connecticut,Male,85 years and over,675.0
07/22/2020,02/01/2020,07/11/2020,Connecticut,Male,All ages,1950.0
07/22/2020,02/01/2020,07/11/2020,Connecticut,Female,Under 1 year,0.0
07/22/2020,02/01/2020,07/11/2020,Connecticut,Female,1-4 years,0.0
07/22/2020,02/01/2020,07/11/2020,Connecticut,Female,5-14 years,0.0
07/22/2020,02/01/2020,07/11/2020,Connecticut,Female,15-24 years,
07/22/2020,02/01/2020,07/11/2020,Connecticut,Female,25-34 years,
07/22/2020,02/01/2020,07/11/2020,Connecticut,Female,35-44 years,
07/22/2020,02/01/2020,07/11/2020,Connecticut,Female,45-54 years,26.0
07/22/2020,02/01/2020,07/11/2020,Connecticut,Female,55-64 years,109.0
07/22/2020,02/01/2020,07/11/2020,Connecticut,Female,65-74 years,273.0
07/22/2020,02/01/2020,07/11/2020,Connecticut,Female,75-84 years,521.0
07/22/2020,02/01/2020,07/11/2020,Connecticut,Female,85 years and over,1138.0
07/22/2020,02/01/2020,07/11/2020,Connecticut,Female,All ages,2081.0
07/22/2020,02/01/2020,07/11/2020,Connecticut,Unknown,All ages,0.0
07/22/2020,02/01/2020,07/11/2020,Connecticut Total,All,All Ages,4031.0
07/22/2020,02/01/2020,07/11/2020,Delaware,Male,Under 1 year,0.0
07/22/2020,02/01/2020,07/11/2020,Delaware,Male,1-4 years,0.0
07/22/2020,02/01/2020,07/11/2020,Delaware,Male,5-14 years,0.0
07/22/2020,02/01/2020,07/11/2020,Delaware,Male,15-24 years,
07/22/2020,02/01/2020,07/11/2020,Delaware,Male,25-34 years,
07/22/2020,02/01/2020,07/11/2020,Delaware,Male,35-44 years,
07/22/2020,02/01/2020,07/11/2020,Delaware,Male,45-54 years,10.0
07/22/2020,02/01/2020,07/11/2020,Delaware,Male,55-64 years,29.0
07/22/2020,02/01/2020,07/11/2020,Delaware,Male,65-74 years,66.0
07/22/2020,02/01/2020,07/11/2020,Delaware,Male,75-84 years,67.0
07/22/2020,02/01/2020,07/11/2020,Delaware,Male,85 years and over,63.0
07/22/2020,02/01/2020,07/11/2020,Delaware,Male,All ages,242.0
07/22/2020,02/01/2020,07/11/2020,Delaware,Female,Under 1 year,0.0
07/22/2020,02/01/2020,07/11/2020,Delaware,Female,1-4 years,0.0
07/22/2020,02/01/2020,07/11/2020,Delaware,Female,5-14 years,0.0
07/22/2020,02/01/2020,07/11/2020,Delaware,Female,15-24 years,
07/22/2020,02/01/2020,07/11/2020,Delaware,Female,25-34 years,
07/22/2020,02/01/2020,07/11/2020,Delaware,Female,35-44 years,
07/22/2020,02/01/2020,07/11/2020,Delaware,Female,45-54 years,15.0
07/22/2020,02/01/2020,07/11/2020,Delaware,Female,55-64 years,20.0
07/22/2020,02/01/2020,07/11/2020,Delaware,Female,65-74 years,40.0
07/22/2020,02/01/2020,07/11/2020,Delaware,Female,75-84 years,65.0
07/22/2020,02/01/2020,07/11/2020,Delaware,Female,85 years and over,128.0
07/22/2020,02/01/2020,07/11/2020,Delaware,Female,All ages,275.0
07/22/2020,02/01/2020,07/11/2020,Delaware,Unknown,All ages,0.0
07/22/2020,02/01/2020,07/11/2020,Delaware Total,All,All Ages,517.0
07/22/2020,02/01/2020,07/11/2020,DC,Male,Under 1 year,
07/22/2020,02/01/2020,07/11/2020,DC,Male,1-4 years,0.0
07/22/2020,02/01/2020,07/11/2020,DC,Male,5-14 years,0.0
07/22/2020,02/01/2020,07/11/2020,DC,Male,15-24 years,0.0
07/22/2020,02/01/2020,07/11/2020,DC,Male,25-34 years,
07/22/2020,02/01/2020,07/11/2020,DC,Male,35-44 years,16.0
07/22/2020,02/01/2020,07/11/2020,DC,Male,45-54 years,40.0
07/22/2020,02/01/2020,07/11/2020,DC,Male,55-64 years,67.0
07/22/2020,02/01/2020,07/11/2020,DC,Male,65-74 years,117.0
07/22/2020,02/01/2020,07/11/2020,DC,Male,75-84 years,78.0
07/22/2020,02/01/2020,07/11/2020,DC,Male,85 years and over,56.0
07/22/2020,02/01/2020,07/11/2020,DC,Male,All ages,379.0
07/22/2020,02/01/2020,07/11/2020,DC,Female,Under 1 year,0.0
07/22/2020,02/01/2020,07/11/2020,DC,Female,1-4 years,0.0
07/22/2020,02/01/2020,07/11/2020,DC,Female,5-14 years,0.0
07/22/2020,02/01/2020,07/11/2020,DC,Female,15-24 years,0.0
07/22/2020,02/01/2020,07/11/2020,DC,Female,25-34 years,
07/22/2020,02/01/2020,07/11/2020,DC,Female,35-44 years,
07/22/2020,02/01/2020,07/11/2020,DC,Female,45-54 years,20.0
07/22/2020,02/01/2020,07/11/2020,DC,Female,55-64 years,41.0
07/22/2020,02/01/2020,07/11/2020,DC,Female,65-74 years,61.0
07/22/2020,02/01/2020,07/11/2020,DC,Female,75-84 years,56.0
07/22/2020,02/01/2020,07/11/2020,DC,Female,85 years and over,81.0
07/22/2020,02/01/2020,07/11/2020,DC,Female,All ages,265.0
07/22/2020,02/01/2020,07/11/2020,DC,Unknown,All ages,0.0
07/22/2020,02/01/2020,07/11/2020,District of Columbia Total,All,All Ages,644.0
07/22/2020,02/01/2020,07/11/2020,Florida,Male,Under 1 year,0.0
07/22/2020,02/01/2020,07/11/2020,Florida,Male,1-4 years,0.0
07/22/2020,02/01/2020,07/11/2020,Florida,Male,5-14 years,
07/22/2020,02/01/2020,07/11/2020,Florida,Male,15-24 years,
07/22/2020,02/01/2020,07/11/2020,Florida,Male,25-34 years,20.0
07/22/2020,02/01/2020,07/11/2020,Florida,Male,35-44 years,62.0
07/22/2020,02/01/2020,07/11/2020,Florida,Male,45-54 years,136.0
07/22/2020,02/01/2020,07/11/2020,Florida,Male,55-64 years,280.0
07/22/2020,02/01/2020,07/11/2020,Florida,Male,65-74 years,550.0
07/22/2020,02/01/2020,07/11/2020,Florida,Male,75-84 years,699.0
07/22/2020,02/01/2020,07/11/2020,Florida,Male,85 years and over,616.0
07/22/2020,02/01/2020,07/11/2020,Florida,Male,All ages,2368.0
07/22/2020,02/01/2020,07/11/2020,Florida,Female,Under 1 year,0.0
07/22/2020,02/01/2020,07/11/2020,Florida,Female,1-4 years,0.0
07/22/2020,02/01/2020,07/11/2020,Florida,Female,5-14 years,0.0
07/22/2020,02/01/2020,07/11/2020,Florida,Female,15-24 years,
07/22/2020,02/01/2020,07/11/2020,Florida,Female,25-34 years,11.0
07/22/2020,02/01/2020,07/11/2020,Florida,Female,35-44 years,27.0
07/22/2020,02/01/2020,07/11/2020,Florida,Female,45-54 years,56.0
07/22/2020,02/01/2020,07/11/2020,Florida,Female,55-64 years,148.0
07/22/2020,02/01/2020,07/11/2020,Florida,Female,65-74 years,339.0
07/22/2020,02/01/2020,07/11/2020,Florida,Female,75-84 years,540.0
07/22/2020,02/01/2020,07/11/2020,Florida,Female,85 years and over,847.0
07/22/2020,02/01/2020,07/11/2020,Florida,Female,All ages,1973.0
07/22/2020,02/01/2020,07/11/2020,Florida,Unknown,All ages,0.0
07/22/2020,02/01/2020,07/11/2020,Florida Total,All,All Ages,4341.0
07/22/2020,02/01/2020,07/11/2020,Georgia,Male,Under 1 year,
07/22/2020,02/01/2020,07/11/2020,Georgia,Male,1-4 years,0.0
07/22/2020,02/01/2020,07/11/2020,Georgia,Male,5-14 years,0.0
07/22/2020,02/01/2020,07/11/2020,Georgia,Male,15-24 years,
07/22/2020,02/01/2020,07/11/2020,Georgia,Male,25-34 years,22.0
07/22/2020,02/01/2020,07/11/2020,Georgia,Male,35-44 years,19.0
07/22/2020,02/01/2020,07/11/2020,Georgia,Male,45-54 years,100.0
07/22/2020,02/01/2020,07/11/2020,Georgia,Male,55-64 years,198.0
07/22/2020,02/01/2020,07/11/2020,Georgia,Male,65-74 years,352.0
07/22/2020,02/01/2020,07/11/2020,Georgia,Male,75-84 years,377.0
07/22/2020,02/01/2020,07/11/2020,Georgia,Male,85 years and over,245.0
07/22/2020,02/01/2020,07/11/2020,Georgia,Male,All ages,1315.0
07/22/2020,02/01/2020,07/11/2020,Georgia,Female,Under 1 year,0.0
07/22/2020,02/01/2020,07/11/2020,Georgia,Female,1-4 years,0.0
07/22/2020,02/01/2020,07/11/2020,Georgia,Female,5-14 years,0.0
07/22/2020,02/01/2020,07/11/2020,Georgia,Female,15-24 years,
07/22/2020,02/01/2020,07/11/2020,Georgia,Female,25-34 years,
07/22/2020,02/01/2020,07/11/2020,Georgia,Female,35-44 years,23.0
07/22/2020,02/01/2020,07/11/2020,Georgia,Female,45-54 years,58.0
07/22/2020,02/01/2020,07/11/2020,Georgia,Female,55-64 years,135.0
07/22/2020,02/01/2020,07/11/2020,Georgia,Female,65-74 years,243.0
07/22/2020,02/01/2020,07/11/2020,Georgia,Female,75-84 years,346.0
07/22/2020,02/01/2020,07/11/2020,Georgia,Female,85 years and over,416.0
07/22/2020,02/01/2020,07/11/2020,Georgia,Female,All ages,1232.0
07/22/2020,02/01/2020,07/11/2020,Georgia,Unknown,All ages,0.0
07/22/2020,02/01/2020,07/11/2020,Georgia Total,All,All Ages,2547.0
07/22/2020,02/01/2020,07/11/2020,Hawaii,Male,Under 1 year,0.0
07/22/2020,02/01/2020,07/11/2020,Hawaii,Male,1-4 years,0.0
07/22/2020,02/01/2020,07/11/2020,Hawaii,Male,5-14 years,0.0
07/22/2020,02/01/2020,07/11/2020,Hawaii,Male,15-24 years,0.0
07/22/2020,02/01/2020,07/11/2020,Hawaii,Male,25-34 years,0.0
07/22/2020,02/01/2020,07/11/2020,Hawaii,Male,35-44 years,0.0
07/22/2020,02/01/2020,07/11/2020,Hawaii,Male,45-54 years,
07/22/2020,02/01/2020,07/11/2020,Hawaii,Male,55-64 years,
07/22/2020,02/01/2020,07/11/2020,Hawaii,Male,65-74 years,
07/22/2020,02/01/2020,07/11/2020,Hawaii,Male,75-84 years,
07/22/2020,02/01/2020,07/11/2020,Hawaii,Male,85 years and over,
07/22/2020,02/01/2020,07/11/2020,Hawaii,Male,All ages,12.0
07/22/2020,02/01/2020,07/11/2020,Hawaii,Female,Under 1 year,0.0
07/22/2020,02/01/2020,07/11/2020,Hawaii,Female,1-4 years,0.0
07/22/2020,02/01/2020,07/11/2020,Hawaii,Female,5-14 years,0.0
07/22/2020,02/01/2020,07/11/2020,Hawaii,Female,15-24 years,0.0
07/22/2020,02/01/2020,07/11/2020,Hawaii,Female,25-34 years,
07/22/2020,02/01/2020,07/11/2020,Hawaii,Female,35-44 years,0.0
07/22/2020,02/01/2020,07/11/2020,Hawaii,Female,45-54 years,
07/22/2020,02/01/2020,07/11/2020,Hawaii,Female,55-64 years,0.0
07/22/2020,02/01/2020,07/11/2020,Hawaii,Female,65-74 years,0.0
07/22/2020,02/01/2020,07/11/2020,Hawaii,Female,75-84 years,
07/22/2020,02/01/2020,07/11/2020,Hawaii,Female,85 years and over,
07/22/2020,02/01/2020,07/11/2020,Hawaii,Female,All ages,
07/22/2020,02/01/2020,07/11/2020,Hawaii,Unknown,All ages,0.0
07/22/2020,02/01/2020,07/11/2020,Hawaii Total,All,All Ages,20.0
07/22/2020,02/01/2020,07/11/2020,Idaho,Male,Under 1 year,0.0
07/22/2020,02/01/2020,07/11/2020,Idaho,Male,1-4 years,0.0
07/22/2020,02/01/2020,07/11/2020,Idaho,Male,5-14 years,0.0
07/22/2020,02/01/2020,07/11/2020,Idaho,Male,15-24 years,0.0
07/22/2020,02/01/2020,07/11/2020,Idaho,Male,25-34 years,0.0
07/22/2020,02/01/2020,07/11/2020,Idaho,Male,35-44 years,0.0
07/22/2020,02/01/2020,07/11/2020,Idaho,Male,45-54 years,0.0
07/22/2020,02/01/2020,07/11/2020,Idaho,Male,55-64 years,
07/22/2020,02/01/2020,07/11/2020,Idaho,Male,65-74 years,14.0
07/22/2020,02/01/2020,07/11/2020,Idaho,Male,75-84 years,21.0
07/22/2020,02/01/2020,07/11/2020,Idaho,Male,85 years and over,15.0
07/22/2020,02/01/2020,07/11/2020,Idaho,Male,All ages,56.0
07/22/2020,02/01/2020,07/11/2020,Idaho,Female,Under 1 year,0.0
07/22/2020,02/01/2020,07/11/2020,Idaho,Female,1-4 years,0.0
07/22/2020,02/01/2020,07/11/2020,Idaho,Female,5-14 years,0.0
07/22/2020,02/01/2020,07/11/2020,Idaho,Female,15-24 years,0.0
07/22/2020,02/01/2020,07/11/2020,Idaho,Female,25-34 years,0.0
07/22/2020,02/01/2020,07/11/2020,Idaho,Female,35-44 years,0.0
07/22/2020,02/01/2020,07/11/2020,Idaho,Female,45-54 years,0.0
07/22/2020,02/01/2020,07/11/2020,Idaho,Female,55-64 years,
07/22/2020,02/01/2020,07/11/2020,Idaho,Female,65-74 years,11.0
07/22/2020,02/01/2020,07/11/2020,Idaho,Female,75-84 years,16.0
07/22/2020,02/01/2020,07/11/2020,Idaho,Female,85 years and over,30.0
07/22/2020,02/01/2020,07/11/2020,Idaho,Female,All ages,58.0
07/22/2020,02/01/2020,07/11/2020,Idaho,Unknown,All ages,0.0
07/22/2020,02/01/2020,07/11/2020,Idaho Total,All,All Ages,114.0
07/22/2020,02/01/2020,07/11/2020,Illinois,Male,Under 1 year,
07/22/2020,02/01/2020,07/11/2020,Illinois,Male,1-4 years,0.0
07/22/2020,02/01/2020,07/11/2020,Illinois,Male,5-14 years,
07/22/2020,02/01/2020,07/11/2020,Illinois,Male,15-24 years,
07/22/2020,02/01/2020,07/11/2020,Illinois,Male,25-34 years,40.0
07/22/2020,02/01/2020,07/11/2020,Illinois,Male,35-44 years,117.0
07/22/2020,02/01/2020,07/11/2020,Illinois,Male,45-54 years,279.0
07/22/2020,02/01/2020,07/11/2020,Illinois,Male,55-64 years,566.0
07/22/2020,02/01/2020,07/11/2020,Illinois,Male,65-74 years,930.0
07/22/2020,02/01/2020,07/11/2020,Illinois,Male,75-84 years,939.0
07/22/2020,02/01/2020,07/11/2020,Illinois,Male,85 years and over,771.0
07/22/2020,02/01/2020,07/11/2020,Illinois,Male,All ages,3651.0
07/22/2020,02/01/2020,07/11/2020,Illinois,Female,Under 1 year,
07/22/2020,02/01/2020,07/11/2020,Illinois,Female,1-4 years,0.0
07/22/2020,02/01/2020,07/11/2020,Illinois,Female,5-14 years,0.0
07/22/2020,02/01/2020,07/11/2020,Illinois,Female,15-24 years,
07/22/2020,02/01/2020,07/11/2020,Illinois,Female,25-34 years,19.0
07/22/2020,02/01/2020,07/11/2020,Illinois,Female,35-44 years,42.0
07/22/2020,02/01/2020,07/11/2020,Illinois,Female,45-54 years,106.0
07/22/2020,02/01/2020,07/11/2020,Illinois,Female,55-64 years,293.0
07/22/2020,02/01/2020,07/11/2020,Illinois,Female,65-74 years,518.0
07/22/2020,02/01/2020,07/11/2020,Illinois,Female,75-84 years,731.0
07/22/2020,02/01/2020,07/11/2020,Illinois,Female,85 years and over,1286.0
07/22/2020,02/01/2020,07/11/2020,Illinois,Female,All ages,3001.0
07/22/2020,02/01/2020,07/11/2020,Illinois,Unknown,All ages,0.0
07/22/2020,02/01/2020,07/11/2020,Illinois Total,All,All Ages,6652.0
07/22/2020,02/01/2020,07/11/2020,Indiana,Male,Under 1 year,0.0
07/22/2020,02/01/2020,07/11/2020,Indiana,Male,1-4 years,
07/22/2020,02/01/2020,07/11/2020,Indiana,Male,5-14 years,0.0
07/22/2020,02/01/2020,07/11/2020,Indiana,Male,15-24 years,
07/22/2020,02/01/2020,07/11/2020,Indiana,Male,25-34 years,
07/22/2020,02/01/2020,07/11/2020,Indiana,Male,35-44 years,13.0
07/22/2020,02/01/2020,07/11/2020,Indiana,Male,45-54 years,49.0
07/22/2020,02/01/2020,07/11/2020,Indiana,Male,55-64 years,166.0
07/22/2020,02/01/2020,07/11/2020,Indiana,Male,65-74 years,365.0
07/22/2020,02/01/2020,07/11/2020,Indiana,Male,75-84 years,393.0
07/22/2020,02/01/2020,07/11/2020,Indiana,Male,85 years and over,380.0
07/22/2020,02/01/2020,07/11/2020,Indiana,Male,All ages,1377.0
07/22/2020,02/01/2020,07/11/2020,Indiana,Female,Under 1 year,0.0
07/22/2020,02/01/2020,07/11/2020,Indiana,Female,1-4 years,0.0
07/22/2020,02/01/2020,07/11/2020,Indiana,Female,5-14 years,0.0
07/22/2020,02/01/2020,07/11/2020,Indiana,Female,15-24 years,
07/22/2020,02/01/2020,07/11/2020,Indiana,Female,25-34 years,
07/22/2020,02/01/2020,07/11/2020,Indiana,Female,35-44 years,15.0
07/22/2020,02/01/2020,07/11/2020,Indiana,Female,45-54 years,32.0
07/22/2020,02/01/2020,07/11/2020,Indiana,Female,55-64 years,99.0
07/22/2020,02/01/2020,07/11/2020,Indiana,Female,65-74 years,215.0
07/22/2020,02/01/2020,07/11/2020,Indiana,Female,75-84 years,394.0
07/22/2020,02/01/2020,07/11/2020,Indiana,Female,85 years and over,598.0
07/22/2020,02/01/2020,07/11/2020,Indiana,Female,All ages,1356.0
07/22/2020,02/01/2020,07/11/2020,Indiana,Unknown,All ages,0.0
07/22/2020,02/01/2020,07/11/2020,Indiana Total,All,All Ages,2733.0
07/22/2020,02/01/2020,07/11/2020,Iowa,Male,Under 1 year,0.0
07/22/2020,02/01/2020,07/11/2020,Iowa,Male,1-4 years,0.0
07/22/2020,02/01/2020,07/11/2020,Iowa,Male,5-14 years,0.0
07/22/2020,02/01/2020,07/11/2020,Iowa,Male,15-24 years,0.0
07/22/2020,02/01/2020,07/11/2020,Iowa,Male,25-34 years,
07/22/2020,02/01/2020,07/11/2020,Iowa,Male,35-44 years,
07/22/2020,02/01/2020,07/11/2020,Iowa,Male,45-54 years,24.0
07/22/2020,02/01/2020,07/11/2020,Iowa,Male,55-64 years,62.0
07/22/2020,02/01/2020,07/11/2020,Iowa,Male,65-74 years,105.0
07/22/2020,02/01/2020,07/11/2020,Iowa,Male,75-84 years,99.0
07/22/2020,02/01/2020,07/11/2020,Iowa,Male,85 years and over,122.0
07/22/2020,02/01/2020,07/11/2020,Iowa,Male,All ages,424.0
07/22/2020,02/01/2020,07/11/2020,Iowa,Female,Under 1 year,
07/22/2020,02/01/2020,07/11/2020,Iowa,Female,1-4 years,0.0
07/22/2020,02/01/2020,07/11/2020,Iowa,Female,5-14 years,0.0
07/22/2020,02/01/2020,07/11/2020,Iowa,Female,15-24 years,
07/22/2020,02/01/2020,07/11/2020,Iowa,Female,25-34 years,
07/22/2020,02/01/2020,07/11/2020,Iowa,Female,35-44 years,
07/22/2020,02/01/2020,07/11/2020,Iowa,Female,45-54 years,
07/22/2020,02/01/2020,07/11/2020,Iowa,Female,55-64 years,42.0
07/22/2020,02/01/2020,07/11/2020,Iowa,Female,65-74 years,70.0
07/22/2020,02/01/2020,07/11/2020,Iowa,Female,75-84 years,85.0
07/22/2020,02/01/2020,07/11/2020,Iowa,Female,85 years and over,153.0
07/22/2020,02/01/2020,07/11/2020,Iowa,Female,All ages,370.0
07/22/2020,02/01/2020,07/11/2020,Iowa,Unknown,All ages,0.0
07/22/2020,02/01/2020,07/11/2020,Iowa Total,All,All Ages,794.0
07/22/2020,02/01/2020,07/11/2020,Kansas,Male,Under 1 year,0.0
07/22/2020,02/01/2020,07/11/2020,Kansas,Male,1-4 years,0.0
07/22/2020,02/01/2020,07/11/2020,Kansas,Male,5-14 years,0.0
07/22/2020,02/01/2020,07/11/2020,Kansas,Male,15-24 years,0.0
07/22/2020,02/01/2020,07/11/2020,Kansas,Male,25-34 years,
07/22/2020,02/01/2020,07/11/2020,Kansas,Male,35-44 years,
07/22/2020,02/01/2020,07/11/2020,Kansas,Male,45-54 years,14.0
07/22/2020,02/01/2020,07/11/2020,Kansas,Male,55-64 years,32.0
07/22/2020,02/01/2020,07/11/2020,Kansas,Male,65-74 years,32.0
07/22/2020,02/01/2020,07/11/2020,Kansas,Male,75-84 years,43.0
07/22/2020,02/01/2020,07/11/2020,Kansas,Male,85 years and over,41.0
07/22/2020,02/01/2020,07/11/2020,Kansas,Male,All ages,168.0
07/22/2020,02/01/2020,07/11/2020,Kansas,Female,Under 1 year,0.0
07/22/2020,02/01/2020,07/11/2020,Kansas,Female,1-4 years,0.0
07/22/2020,02/01/2020,07/11/2020,Kansas,Female,5-14 years,0.0
07/22/2020,02/01/2020,07/11/2020,Kansas,Female,15-24 years,0.0
07/22/2020,02/01/2020,07/11/2020,Kansas,Female,25-34 years,
07/22/2020,02/01/2020,07/11/2020,Kansas,Female,35-44 years,
07/22/2020,02/01/2020,07/11/2020,Kansas,Female,45-54 years,
07/22/2020,02/01/2020,07/11/2020,Kansas,Female,55-64 years,17.0
07/22/2020,02/01/2020,07/11/2020,Kansas,Female,65-74 years,23.0
07/22/2020,02/01/2020,07/11/2020,Kansas,Female,75-84 years,27.0
07/22/2020,02/01/2020,07/11/2020,Kansas,Female,85 years and over,73.0
07/22/2020,02/01/2020,07/11/2020,Kansas,Female,All ages,147.0
07/22/2020,02/01/2020,07/11/2020,Kansas,Unknown,All ages,0.0
07/22/2020,02/01/2020,07/11/2020,Kansas Total,All,All Ages,315.0
07/22/2020,02/01/2020,07/11/2020,Kentucky,Male,Under 1 year,0.0
07/22/2020,02/01/2020,07/11/2020,Kentucky,Male,1-4 years,0.0
07/22/2020,02/01/2020,07/11/2020,Kentucky,Male,5-14 years,0.0
07/22/2020,02/01/2020,07/11/2020,Kentucky,Male,15-24 years,0.0
07/22/2020,02/01/2020,07/11/2020,Kentucky,Male,25-34 years,
07/22/2020,02/01/2020,07/11/2020,Kentucky,Male,35-44 years,10.0
07/22/2020,02/01/2020,07/11/2020,Kentucky,Male,45-54 years,15.0
07/22/2020,02/01/2020,07/11/2020,Kentucky,Male,55-64 years,39.0
07/22/2020,02/01/2020,07/11/2020,Kentucky,Male,65-74 years,90.0
07/22/2020,02/01/2020,07/11/2020,Kentucky,Male,75-84 years,71.0
07/22/2020,02/01/2020,07/11/2020,Kentucky,Male,85 years and over,70.0
07/22/2020,02/01/2020,07/11/2020,Kentucky,Male,All ages,297.0
07/22/2020,02/01/2020,07/11/2020,Kentucky,Female,Under 1 year,0.0
07/22/2020,02/01/2020,07/11/2020,Kentucky,Female,1-4 years,0.0
07/22/2020,02/01/2020,07/11/2020,Kentucky,Female,5-14 years,0.0
07/22/2020,02/01/2020,07/11/2020,Kentucky,Female,15-24 years,0.0
07/22/2020,02/01/2020,07/11/2020,Kentucky,Female,25-34 years,0.0
07/22/2020,02/01/2020,07/11/2020,Kentucky,Female,35-44 years,
07/22/2020,02/01/2020,07/11/2020,Kentucky,Female,45-54 years,
07/22/2020,02/01/2020,07/11/2020,Kentucky,Female,55-64 years,28.0
07/22/2020,02/01/2020,07/11/2020,Kentucky,Female,65-74 years,50.0
07/22/2020,02/01/2020,07/11/2020,Kentucky,Female,75-84 years,97.0
07/22/2020,02/01/2020,07/11/2020,Kentucky,Female,85 years and over,174.0
07/22/2020,02/01/2020,07/11/2020,Kentucky,Female,All ages,359.0
07/22/2020,02/01/2020,07/11/2020,Kentucky,Unknown,All ages,0.0
07/22/2020,02/01/2020,07/11/2020,Kentucky Total,All,All Ages,656.0
07/22/2020,02/01/2020,07/11/2020,Louisiana,Male,Under 1 year,0.0
07/22/2020,02/01/2020,07/11/2020,Louisiana,Male,1-4 years,
07/22/2020,02/01/2020,07/11/2020,Louisiana,Male,5-14 years,
07/22/2020,02/01/2020,07/11/2020,Louisiana,Male,15-24 years,
07/22/2020,02/01/2020,07/11/2020,Louisiana,Male,25-34 years,10.0
07/22/2020,02/01/2020,07/11/2020,Louisiana,Male,35-44 years,38.0
07/22/2020,02/01/2020,07/11/2020,Louisiana,Male,45-54 years,107.0
07/22/2020,02/01/2020,07/11/2020,Louisiana,Male,55-64 years,251.0
07/22/2020,02/01/2020,07/11/2020,Louisiana,Male,65-74 years,417.0
07/22/2020,02/01/2020,07/11/2020,Louisiana,Male,75-84 years,478.0
07/22/2020,02/01/2020,07/11/2020,Louisiana,Male,85 years and over,328.0
07/22/2020,02/01/2020,07/11/2020,Louisiana,Male,All ages,1634.0
07/22/2020,02/01/2020,07/11/2020,Louisiana,Female,Under 1 year,
07/22/2020,02/01/2020,07/11/2020,Louisiana,Female,1-4 years,0.0
07/22/2020,02/01/2020,07/11/2020,Louisiana,Female,5-14 years,0.0
07/22/2020,02/01/2020,07/11/2020,Louisiana,Female,15-24 years,
07/22/2020,02/01/2020,07/11/2020,Louisiana,Female,25-34 years,13.0
07/22/2020,02/01/2020,07/11/2020,Louisiana,Female,35-44 years,32.0
07/22/2020,02/01/2020,07/11/2020,Louisiana,Female,45-54 years,61.0
07/22/2020,02/01/2020,07/11/2020,Louisiana,Female,55-64 years,176.0
07/22/2020,02/01/2020,07/11/2020,Louisiana,Female,65-74 years,269.0
07/22/2020,02/01/2020,07/11/2020,Louisiana,Female,75-84 years,418.0
07/22/2020,02/01/2020,07/11/2020,Louisiana,Female,85 years and over,484.0
07/22/2020,02/01/2020,07/11/2020,Louisiana,Female,All ages,1456.0
07/22/2020,02/01/2020,07/11/2020,Louisiana,Unknown,All ages,0.0
07/22/2020,02/01/2020,07/11/2020,Louisiana Total,All,All Ages,3090.0
07/22/2020,02/01/2020,07/11/2020,Maine,Male,Under 1 year,0.0
07/22/2020,02/01/2020,07/11/2020,Maine,Male,1-4 years,0.0
07/22/2020,02/01/2020,07/11/2020,Maine,Male,5-14 years,0.0
07/22/2020,02/01/2020,07/11/2020,Maine,Male,15-24 years,0.0
07/22/2020,02/01/2020,07/11/2020,Maine,Male,25-34 years,0.0
07/22/2020,02/01/2020,07/11/2020,Maine,Male,35-44 years,
07/22/2020,02/01/2020,07/11/2020,Maine,Male,45-54 years,
07/22/2020,02/01/2020,07/11/2020,Maine,Male,55-64 years,
07/22/2020,02/01/2020,07/11/2020,Maine,Male,65-74 years,14.0
07/22/2020,02/01/2020,07/11/2020,Maine,Male,75-84 years,17.0
07/22/2020,02/01/2020,07/11/2020,Maine,Male,85 years and over,18.0
07/22/2020,02/01/2020,07/11/2020,Maine,Male,All ages,59.0
07/22/2020,02/01/2020,07/11/2020,Maine,Female,Under 1 year,0.0
07/22/2020,02/01/2020,07/11/2020,Maine,Female,1-4 years,0.0
07/22/2020,02/01/2020,07/11/2020,Maine,Female,5-14 years,0.0
07/22/2020,02/01/2020,07/11/2020,Maine,Female,15-24 years,0.0
07/22/2020,02/01/2020,07/11/2020,Maine,Female,25-34 years,0.0
07/22/2020,02/01/2020,07/11/2020,Maine,Female,35-44 years,
07/22/2020,02/01/2020,07/11/2020,Maine,Female,45-54 years,
07/22/2020,02/01/2020,07/11/2020,Maine,Female,55-64 years,
07/22/2020,02/01/2020,07/11/2020,Maine,Female,65-74 years,
07/22/2020,02/01/2020,07/11/2020,Maine,Female,75-84 years,22.0
07/22/2020,02/01/2020,07/11/2020,Maine,Female,85 years and over,36.0
07/22/2020,02/01/2020,07/11/2020,Maine,Female,All ages,71.0
07/22/2020,02/01/2020,07/11/2020,Maine,Unknown,All ages,0.0
07/22/2020,02/01/2020,07/11/2020,Maine Total,All,All Ages,130.0
07/22/2020,02/01/2020,07/11/2020,Maryland,Male,Under 1 year,0.0
07/22/2020,02/01/2020,07/11/2020,Maryland,Male,1-4 years,0.0
07/22/2020,02/01/2020,07/11/2020,Maryland,Male,5-14 years,0.0
07/22/2020,02/01/2020,07/11/2020,Maryland,Male,15-24 years,
07/22/2020,02/01/2020,07/11/2020,Maryland,Male,25-34 years,27.0
07/22/2020,02/01/2020,07/11/2020,Maryland,Male,35-44 years,59.0
07/22/2020,02/01/2020,07/11/2020,Maryland,Male,45-54 years,112.0
07/22/2020,02/01/2020,07/11/2020,Maryland,Male,55-64 years,284.0
07/22/2020,02/01/2020,07/11/2020,Maryland,Male,65-74 years,386.0
07/22/2020,02/01/2020,07/11/2020,Maryland,Male,75-84 years,522.0
07/22/2020,02/01/2020,07/11/2020,Maryland,Male,85 years and over,442.0
07/22/2020,02/01/2020,07/11/2020,Maryland,Male,All ages,1836.0
07/22/2020,02/01/2020,07/11/2020,Maryland,Female,Under 1 year,0.0
07/22/2020,02/01/2020,07/11/2020,Maryland,Female,1-4 years,0.0
07/22/2020,02/01/2020,07/11/2020,Maryland,Female,5-14 years,0.0
07/22/2020,02/01/2020,07/11/2020,Maryland,Female,15-24 years,
07/22/2020,02/01/2020,07/11/2020,Maryland,Female,25-34 years,
07/22/2020,02/01/2020,07/11/2020,Maryland,Female,35-44 years,20.0
07/22/2020,02/01/2020,07/11/2020,Maryland,Female,45-54 years,67.0
07/22/2020,02/01/2020,07/11/2020,Maryland,Female,55-64 years,156.0
07/22/2020,02/01/2020,07/11/2020,Maryland,Female,65-74 years,322.0
07/22/2020,02/01/2020,07/11/2020,Maryland,Female,75-84 years,470.0
07/22/2020,02/01/2020,07/11/2020,Maryland,Female,85 years and over,740.0
07/22/2020,02/01/2020,07/11/2020,Maryland,Female,All ages,1786.0
07/22/2020,02/01/2020,07/11/2020,Maryland,Unknown,All ages,0.0
07/22/2020,02/01/2020,07/11/2020,Maryland Total,All,All Ages,3622.0
07/22/2020,02/01/2020,07/11/2020,Massachusetts,Male,Under 1 year,0.0
07/22/2020,02/01/2020,07/11/2020,Massachusetts,Male,1-4 years,0.0
07/22/2020,02/01/2020,07/11/2020,Massachusetts,Male,5-14 years,0.0
07/22/2020,02/01/2020,07/11/2020,Massachusetts,Male,15-24 years,
07/22/2020,02/01/2020,07/11/2020,Massachusetts,Male,25-34 years,10.0
07/22/2020,02/01/2020,07/11/2020,Massachusetts,Male,35-44 years,30.0
07/22/2020,02/01/2020,07/11/2020,Massachusetts,Male,45-54 years,93.0
07/22/2020,02/01/2020,07/11/2020,Massachusetts,Male,55-64 years,326.0
07/22/2020,02/01/2020,07/11/2020,Massachusetts,Male,65-74 years,704.0
07/22/2020,02/01/2020,07/11/2020,Massachusetts,Male,75-84 years,1116.0
07/22/2020,02/01/2020,07/11/2020,Massachusetts,Male,85 years and over,1345.0
07/22/2020,02/01/2020,07/11/2020,Massachusetts,Male,All ages,3628.0
07/22/2020,02/01/2020,07/11/2020,Massachusetts,Female,Under 1 year,0.0
07/22/2020,02/01/2020,07/11/2020,Massachusetts,Female,1-4 years,0.0
07/22/2020,02/01/2020,07/11/2020,Massachusetts,Female,5-14 years,0.0
07/22/2020,02/01/2020,07/11/2020,Massachusetts,Female,15-24 years,
07/22/2020,02/01/2020,07/11/2020,Massachusetts,Female,25-34 years,
07/22/2020,02/01/2020,07/11/2020,Massachusetts,Female,35-44 years,13.0
07/22/2020,02/01/2020,07/11/2020,Massachusetts,Female,45-54 years,64.0
07/22/2020,02/01/2020,07/11/2020,Massachusetts,Female,55-64 years,191.0
07/22/2020,02/01/2020,07/11/2020,Massachusetts,Female,65-74 years,476.0
07/22/2020,02/01/2020,07/11/2020,Massachusetts,Female,75-84 years,1015.0
07/22/2020,02/01/2020,07/11/2020,Massachusetts,Female,85 years and over,2358.0
07/22/2020,02/01/2020,07/11/2020,Massachusetts,Female,All ages,4125.0
07/22/2020,02/01/2020,07/11/2020,Massachusetts,Unknown,All ages,0.0
07/22/2020,02/01/2020,07/11/2020,Massachusetts Total,All,All Ages,7753.0
07/22/2020,02/01/2020,07/11/2020,Michigan,Male,Under 1 year,0.0
07/22/2020,02/01/2020,07/11/2020,Michigan,Male,1-4 years,0.0
07/22/2020,02/01/2020,07/11/2020,Michigan,Male,5-14 years,0.0
07/22/2020,02/01/2020,07/11/2020,Michigan,Male,15-24 years,
07/22/2020,02/01/2020,07/11/2020,Michigan,Male,25-34 years,25.0
07/22/2020,02/01/2020,07/11/2020,Michigan,Male,35-44 years,57.0
07/22/2020,02/01/2020,07/11/2020,Michigan,Male,45-54 years,197.0
07/22/2020,02/01/2020,07/11/2020,Michigan,Male,55-64 years,424.0
07/22/2020,02/01/2020,07/11/2020,Michigan,Male,65-74 years,777.0
07/22/2020,02/01/2020,07/11/2020,Michigan,Male,75-84 years,809.0
07/22/2020,02/01/2020,07/11/2020,Michigan,Male,85 years and over,626.0
07/22/2020,02/01/2020,07/11/2020,Michigan,Male,All ages,2917.0
07/22/2020,02/01/2020,07/11/2020,Michigan,Female,Under 1 year,0.0
07/22/2020,02/01/2020,07/11/2020,Michigan,Female,1-4 years,0.0
07/22/2020,02/01/2020,07/11/2020,Michigan,Female,5-14 years,
07/22/2020,02/01/2020,07/11/2020,Michigan,Female,15-24 years,
07/22/2020,02/01/2020,07/11/2020,Michigan,Female,25-34 years,13.0
07/22/2020,02/01/2020,07/11/2020,Michigan,Female,35-44 years,31.0
07/22/2020,02/01/2020,07/11/2020,Michigan,Female,45-54 years,116.0
07/22/2020,02/01/2020,07/11/2020,Michigan,Female,55-64 years,266.0
07/22/2020,02/01/2020,07/11/2020,Michigan,Female,65-74 years,554.0
07/22/2020,02/01/2020,07/11/2020,Michigan,Female,75-84 years,664.0
07/22/2020,02/01/2020,07/11/2020,Michigan,Female,85 years and over,1029.0
07/22/2020,02/01/2020,07/11/2020,Michigan,Female,All ages,2678.0
07/22/2020,02/01/2020,07/11/2020,Michigan,Unknown,All ages,
07/22/2020,02/01/2020,07/11/2020,Michigan Total,All,All Ages,5596.0
07/22/2020,02/01/2020,07/11/2020,Minnesota,Male,Under 1 year,0.0
07/22/2020,02/01/2020,07/11/2020,Minnesota,Male,1-4 years,0.0
07/22/2020,02/01/2020,07/11/2020,Minnesota,Male,5-14 years,0.0
07/22/2020,02/01/2020,07/11/2020,Minnesota,Male,15-24 years,0.0
07/22/2020,02/01/2020,07/11/2020,Minnesota,Male,25-34 years,
07/22/2020,02/01/2020,07/11/2020,Minnesota,Male,35-44 years,
07/22/2020,02/01/2020,07/11/2020,Minnesota,Male,45-54 years,23.0
07/22/2020,02/01/2020,07/11/2020,Minnesota,Male,55-64 years,75.0
07/22/2020,02/01/2020,07/11/2020,Minnesota,Male,65-74 years,135.0
07/22/2020,02/01/2020,07/11/2020,Minnesota,Male,75-84 years,217.0
07/22/2020,02/01/2020,07/11/2020,Minnesota,Male,85 years and over,259.0
07/22/2020,02/01/2020,07/11/2020,Minnesota,Male,All ages,719.0
07/22/2020,02/01/2020,07/11/2020,Minnesota,Female,Under 1 year,0.0
07/22/2020,02/01/2020,07/11/2020,Minnesota,Female,1-4 years,0.0
07/22/2020,02/01/2020,07/11/2020,Minnesota,Female,5-14 years,0.0
07/22/2020,02/01/2020,07/11/2020,Minnesota,Female,15-24 years,0.0
07/22/2020,02/01/2020,07/11/2020,Minnesota,Female,25-34 years,
07/22/2020,02/01/2020,07/11/2020,Minnesota,Female,35-44 years,
07/22/2020,02/01/2020,07/11/2020,Minnesota,Female,45-54 years,13.0
07/22/2020,02/01/2020,07/11/2020,Minnesota,Female,55-64 years,40.0
07/22/2020,02/01/2020,07/11/2020,Minnesota,Female,65-74 years,104.0
07/22/2020,02/01/2020,07/11/2020,Minnesota,Female,75-84 years,190.0
07/22/2020,02/01/2020,07/11/2020,Minnesota,Female,85 years and over,413.0
07/22/2020,02/01/2020,07/11/2020,Minnesota,Female,All ages,765.0
07/22/2020,02/01/2020,07/11/2020,Minnesota,Unknown,All ages,0.0
07/22/2020,02/01/2020,07/11/2020,Minnesota Total,All,All Ages,1484.0
07/22/2020,02/01/2020,07/11/2020,Mississippi,Male,Under 1 year,0.0
07/22/2020,02/01/2020,07/11/2020,Mississippi,Male,1-4 years,0.0
07/22/2020,02/01/2020,07/11/2020,Mississippi,Male,5-14 years,0.0
07/22/2020,02/01/2020,07/11/2020,Mississippi,Male,15-24 years,
07/22/2020,02/01/2020,07/11/2020,Mississippi,Male,25-34 years,
07/22/2020,02/01/2020,07/11/2020,Mississippi,Male,35-44 years,17.0
07/22/2020,02/01/2020,07/11/2020,Mississippi,Male,45-54 years,43.0
07/22/2020,02/01/2020,07/11/2020,Mississippi,Male,55-64 years,97.0
07/22/2020,02/01/2020,07/11/2020,Mississippi,Male,65-74 years,155.0
07/22/2020,02/01/2020,07/11/2020,Mississippi,Male,75-84 years,162.0
07/22/2020,02/01/2020,07/11/2020,Mississippi,Male,85 years and over,90.0
07/22/2020,02/01/2020,07/11/2020,Mississippi,Male,All ages,570.0
07/22/2020,02/01/2020,07/11/2020,Mississippi,Female,Under 1 year,0.0
07/22/2020,02/01/2020,07/11/2020,Mississippi,Female,1-4 years,0.0
07/22/2020,02/01/2020,07/11/2020,Mississippi,Female,5-14 years,0.0
07/22/2020,02/01/2020,07/11/2020,Mississippi,Female,15-24 years,0.0
07/22/2020,02/01/2020,07/11/2020,Mississippi,Female,25-34 years,
07/22/2020,02/01/2020,07/11/2020,Mississippi,Female,35-44 years,19.0
07/22/2020,02/01/2020,07/11/2020,Mississippi,Female,45-54 years,40.0
07/22/2020,02/01/2020,07/11/2020,Mississippi,Female,55-64 years,90.0
07/22/2020,02/01/2020,07/11/2020,Mississippi,Female,65-74 years,124.0
07/22/2020,02/01/2020,07/11/2020,Mississippi,Female,75-84 years,157.0
07/22/2020,02/01/2020,07/11/2020,Mississippi,Female,85 years and over,199.0
07/22/2020,02/01/2020,07/11/2020,Mississippi,Female,All ages,635.0
07/22/2020,02/01/2020,07/11/2020,Mississippi,Unknown,All ages,
07/22/2020,02/01/2020,07/11/2020,Mississippi Total,All,All Ages,1206.0
07/22/2020,02/01/2020,07/11/2020,Missouri,Male,Under 1 year,0.0
07/22/2020,02/01/2020,07/11/2020,Missouri,Male,1-4 years,0.0
07/22/2020,02/01/2020,07/11/2020,Missouri,Male,5-14 years,0.0
07/22/2020,02/01/2020,07/11/2020,Missouri,Male,15-24 years,0.0
07/22/2020,02/01/2020,07/11/2020,Missouri,Male,25-34 years,
07/22/2020,02/01/2020,07/11/2020,Missouri,Male,35-44 years,
07/22/2020,02/01/2020,07/11/2020,Missouri,Male,45-54 years,24.0
07/22/2020,02/01/2020,07/11/2020,Missouri,Male,55-64 years,64.0
07/22/2020,02/01/2020,07/11/2020,Missouri,Male,65-74 years,120.0
07/22/2020,02/01/2020,07/11/2020,Missouri,Male,75-84 years,149.0
07/22/2020,02/01/2020,07/11/2020,Missouri,Male,85 years and over,136.0
07/22/2020,02/01/2020,07/11/2020,Missouri,Male,All ages,498.0
07/22/2020,02/01/2020,07/11/2020,Missouri,Female,Under 1 year,0.0
07/22/2020,02/01/2020,07/11/2020,Missouri,Female,1-4 years,0.0
07/22/2020,02/01/2020,07/11/2020,Missouri,Female,5-14 years,0.0
07/22/2020,02/01/2020,07/11/2020,Missouri,Female,15-24 years,
07/22/2020,02/01/2020,07/11/2020,Missouri,Female,25-34 years,
07/22/2020,02/01/2020,07/11/2020,Missouri,Female,35-44 years,
07/22/2020,02/01/2020,07/11/2020,Missouri,Female,45-54 years,12.0
07/22/2020,02/01/2020,07/11/2020,Missouri,Female,55-64 years,39.0
07/22/2020,02/01/2020,07/11/2020,Missouri,Female,65-74 years,85.0
07/22/2020,02/01/2020,07/11/2020,Missouri,Female,75-84 years,119.0
07/22/2020,02/01/2020,07/11/2020,Missouri,Female,85 years and over,253.0
07/22/2020,02/01/2020,07/11/2020,Missouri,Female,All ages,518.0
07/22/2020,02/01/2020,07/11/2020,Missouri,Unknown,All ages,0.0
07/22/2020,02/01/2020,07/11/2020,Missouri Total,All,All Ages,1016.0
07/22/2020,02/01/2020,07/11/2020,Montana,Male,Under 1 year,0.0
07/22/2020,02/01/2020,07/11/2020,Montana,Male,1-4 years,0.0
07/22/2020,02/01/2020,07/11/2020,Montana,Male,5-14 years,0.0
07/22/2020,02/01/2020,07/11/2020,Montana,Male,15-24 years,0.0
07/22/2020,02/01/2020,07/11/2020,Montana,Male,25-34 years,0.0
07/22/2020,02/01/2020,07/11/2020,Montana,Male,35-44 years,0.0
07/22/2020,02/01/2020,07/11/2020,Montana,Male,45-54 years,
07/22/2020,02/01/2020,07/11/2020,Montana,Male,55-64 years,
07/22/2020,02/01/2020,07/11/2020,Montana,Male,65-74 years,
07/22/2020,02/01/2020,07/11/2020,Montana,Male,75-84 years,
07/22/2020,02/01/2020,07/11/2020,Montana,Male,85 years and over,
07/22/2020,02/01/2020,07/11/2020,Montana,Male,All ages,14.0
07/22/2020,02/01/2020,07/11/2020,Montana,Female,Under 1 year,0.0
07/22/2020,02/01/2020,07/11/2020,Montana,Female,1-4 years,0.0
07/22/2020,02/01/2020,07/11/2020,Montana,Female,5-14 years,0.0
07/22/2020,02/01/2020,07/11/2020,Montana,Female,15-24 years,0.0
07/22/2020,02/01/2020,07/11/2020,Montana,Female,25-34 years,
07/22/2020,02/01/2020,07/11/2020,Montana,Female,35-44 years,0.0
07/22/2020,02/01/2020,07/11/2020,Montana,Female,45-54 years,0.0
07/22/2020,02/01/2020,07/11/2020,Montana,Female,55-64 years,
07/22/2020,02/01/2020,07/11/2020,Montana,Female,65-74 years,
07/22/2020,02/01/2020,07/11/2020,Montana,Female,75-84 years,
07/22/2020,02/01/2020,07/11/2020,Montana,Female,85 years and over,
07/22/2020,02/01/2020,07/11/2020,Montana,Female,All ages,16.0
07/22/2020,02/01/2020,07/11/2020,Montana,Unknown,All ages,0.0
07/22/2020,02/01/2020,07/11/2020,Montana Total,All,All Ages,30.0
07/22/2020,02/01/2020,07/11/2020,Nebraska,Male,Under 1 year,0.0
07/22/2020,02/01/2020,07/11/2020,Nebraska,Male,1-4 years,0.0
07/22/2020,02/01/2020,07/11/2020,Nebraska,Male,5-14 years,0.0
07/22/2020,02/01/2020,07/11/2020,Nebraska,Male,15-24 years,0.0
07/22/2020,02/01/2020,07/11/2020,Nebraska,Male,25-34 years,
07/22/2020,02/01/2020,07/11/2020,Nebraska,Male,35-44 years,
07/22/2020,02/01/2020,07/11/2020,Nebraska,Male,45-54 years,14.0
07/22/2020,02/01/2020,07/11/2020,Nebraska,Male,55-64 years,25.0
07/22/2020,02/01/2020,07/11/2020,Nebraska,Male,65-74 years,40.0
07/22/2020,02/01/2020,07/11/2020,Nebraska,Male,75-84 years,39.0
07/22/2020,02/01/2020,07/11/2020,Nebraska,Male,85 years and over,29.0
07/22/2020,02/01/2020,07/11/2020,Nebraska,Male,All ages,153.0
07/22/2020,02/01/2020,07/11/2020,Nebraska,Female,Under 1 year,0.0
07/22/2020,02/01/2020,07/11/2020,Nebraska,Female,1-4 years,0.0
07/22/2020,02/01/2020,07/11/2020,Nebraska,Female,5-14 years,0.0
07/22/2020,02/01/2020,07/11/2020,Nebraska,Female,15-24 years,0.0
07/22/2020,02/01/2020,07/11/2020,Nebraska,Female,25-34 years,
07/22/2020,02/01/2020,07/11/2020,Nebraska,Female,35-44 years,
07/22/2020,02/01/2020,07/11/2020,Nebraska,Female,45-54 years,
07/22/2020,02/01/2020,07/11/2020,Nebraska,Female,55-64 years,20.0
07/22/2020,02/01/2020,07/11/2020,Nebraska,Female,65-74 years,26.0
07/22/2020,02/01/2020,07/11/2020,Nebraska,Female,75-84 years,31.0
07/22/2020,02/01/2020,07/11/2020,Nebraska,Female,85 years and over,46.0
07/22/2020,02/01/2020,07/11/2020,Nebraska,Female,All ages,133.0
07/22/2020,02/01/2020,07/11/2020,Nebraska,Unknown,All ages,0.0
07/22/2020,02/01/2020,07/11/2020,Nebraska Total,All,All Ages,286.0
07/22/2020,02/01/2020,07/11/2020,Nevada,Male,Under 1 year,0.0
07/22/2020,02/01/2020,07/11/2020,Nevada,Male,1-4 years,0.0
07/22/2020,02/01/2020,07/11/2020,Nevada,Male,5-14 years,0.0
07/22/2020,02/01/2020,07/11/2020,Nevada,Male,15-24 years,
07/22/2020,02/01/2020,07/11/2020,Nevada,Male,25-34 years,
07/22/2020,02/01/2020,07/11/2020,Nevada,Male,35-44 years,10.0
07/22/2020,02/01/2020,07/11/2020,Nevada,Male,45-54 years,34.0
07/22/2020,02/01/2020,07/11/2020,Nevada,Male,55-64 years,48.0
07/22/2020,02/01/2020,07/11/2020,Nevada,Male,65-74 years,99.0
07/22/2020,02/01/2020,07/11/2020,Nevada,Male,75-84 years,98.0
07/22/2020,02/01/2020,07/11/2020,Nevada,Male,85 years and over,56.0
07/22/2020,02/01/2020,07/11/2020,Nevada,Male,All ages,348.0
07/22/2020,02/01/2020,07/11/2020,Nevada,Female,Under 1 year,0.0
07/22/2020,02/01/2020,07/11/2020,Nevada,Female,1-4 years,0.0
07/22/2020,02/01/2020,07/11/2020,Nevada,Female,5-14 years,0.0
07/22/2020,02/01/2020,07/11/2020,Nevada,Female,15-24 years,0.0
07/22/2020,02/01/2020,07/11/2020,Nevada,Female,25-34 years,
07/22/2020,02/01/2020,07/11/2020,Nevada,Female,35-44 years,
07/22/2020,02/01/2020,07/11/2020,Nevada,Female,45-54 years,14.0
07/22/2020,02/01/2020,07/11/2020,Nevada,Female,55-64 years,28.0
07/22/2020,02/01/2020,07/11/2020,Nevada,Female,65-74 years,54.0
07/22/2020,02/01/2020,07/11/2020,Nevada,Female,75-84 years,76.0
07/22/2020,02/01/2020,07/11/2020,Nevada,Female,85 years and over,50.0
07/22/2020,02/01/2020,07/11/2020,Nevada,Female,All ages,229.0
07/22/2020,02/01/2020,07/11/2020,Nevada,Unknown,All ages,0.0
07/22/2020,02/01/2020,07/11/2020,Nevada Total,All,All Ages,577.0
07/22/2020,02/01/2020,07/11/2020,New Hampshire,Male,Under 1 year,0.0
07/22/2020,02/01/2020,07/11/2020,New Hampshire,Male,1-4 years,0.0
07/22/2020,02/01/2020,07/11/2020,New Hampshire,Male,5-14 years,0.0
07/22/2020,02/01/2020,07/11/2020,New Hampshire,Male,15-24 years,
07/22/2020,02/01/2020,07/11/2020,New Hampshire,Male,25-34 years,0.0
07/22/2020,02/01/2020,07/11/2020,New Hampshire,Male,35-44 years,
07/22/2020,02/01/2020,07/11/2020,New Hampshire,Male,45-54 years,
07/22/2020,02/01/2020,07/11/2020,New Hampshire,Male,55-64 years,14.0
07/22/2020,02/01/2020,07/11/2020,New Hampshire,Male,65-74 years,33.0
07/22/2020,02/01/2020,07/11/2020,New Hampshire,Male,75-84 years,61.0
07/22/2020,02/01/2020,07/11/2020,New Hampshire,Male,85 years and over,73.0
07/22/2020,02/01/2020,07/11/2020,New Hampshire,Male,All ages,192.0
07/22/2020,02/01/2020,07/11/2020,New Hampshire,Female,Under 1 year,0.0
07/22/2020,02/01/2020,07/11/2020,New Hampshire,Female,1-4 years,0.0
07/22/2020,02/01/2020,07/11/2020,New Hampshire,Female,5-14 years,0.0
07/22/2020,02/01/2020,07/11/2020,New Hampshire,Female,15-24 years,0.0
07/22/2020,02/01/2020,07/11/2020,New Hampshire,Female,25-34 years,0.0
07/22/2020,02/01/2020,07/11/2020,New Hampshire,Female,35-44 years,0.0
07/22/2020,02/01/2020,07/11/2020,New Hampshire,Female,45-54 years,
07/22/2020,02/01/2020,07/11/2020,New Hampshire,Female,55-64 years,
07/22/2020,02/01/2020,07/11/2020,New Hampshire,Female,65-74 years,24.0
07/22/2020,02/01/2020,07/11/2020,New Hampshire,Female,75-84 years,50.0
07/22/2020,02/01/2020,07/11/2020,New Hampshire,Female,85 years and over,112.0
07/22/2020,02/01/2020,07/11/2020,New Hampshire,Female,All ages,191.0
07/22/2020,02/01/2020,07/11/2020,New Hampshire,Unknown,All ages,0.0
07/22/2020,02/01/2020,07/11/2020,New Hampshire Total,All,All Ages,383.0
07/22/2020,02/01/2020,07/11/2020,New Jersey,Male,Under 1 year,0.0
07/22/2020,02/01/2020,07/11/2020,New Jersey,Male,1-4 years,0.0
07/22/2020,02/01/2020,07/11/2020,New Jersey,Male,5-14 years,0.0
07/22/2020,02/01/2020,07/11/2020,New Jersey,Male,15-24 years,11.0
07/22/2020,02/01/2020,07/11/2020,New Jersey,Male,25-34 years,73.0
07/22/2020,02/01/2020,07/11/2020,New Jersey,Male,35-44 years,198.0
07/22/2020,02/01/2020,07/11/2020,New Jersey,Male,45-54 years,545.0
07/22/2020,02/01/2020,07/11/2020,New Jersey,Male,55-64 years,1204.0
07/22/2020,02/01/2020,07/11/2020,New Jersey,Male,65-74 years,1677.0
07/22/2020,02/01/2020,07/11/2020,New Jersey,Male,75-84 years,1891.0
07/22/2020,02/01/2020,07/11/2020,New Jersey,Male,85 years and over,1749.0
07/22/2020,02/01/2020,07/11/2020,New Jersey,Male,All ages,7348.0
07/22/2020,02/01/2020,07/11/2020,New Jersey,Female,Under 1 year,0.0
07/22/2020,02/01/2020,07/11/2020,New Jersey,Female,1-4 years,
07/22/2020,02/01/2020,07/11/2020,New Jersey,Female,5-14 years,0.0
07/22/2020,02/01/2020,07/11/2020,New Jersey,Female,15-24 years,
07/22/2020,02/01/2020,07/11/2020,New Jersey,Female,25-34 years,31.0
07/22/2020,02/01/2020,07/11/2020,New Jersey,Female,35-44 years,66.0
07/22/2020,02/01/2020,07/11/2020,New Jersey,Female,45-54 years,183.0
07/22/2020,02/01/2020,07/11/2020,New Jersey,Female,55-64 years,554.0
07/22/2020,02/01/2020,07/11/2020,New Jersey,Female,65-74 years,986.0
07/22/2020,02/01/2020,07/11/2020,New Jersey,Female,75-84 years,1698.0
07/22/2020,02/01/2020,07/11/2020,New Jersey,Female,85 years and over,2940.0
07/22/2020,02/01/2020,07/11/2020,New Jersey,Female,All ages,6462.0
07/22/2020,02/01/2020,07/11/2020,New Jersey,Unknown,All ages,
07/22/2020,02/01/2020,07/11/2020,New Jersey Total,All,All Ages,13811.0
07/22/2020,02/01/2020,07/11/2020,New Mexico,Male,Under 1 year,0.0
07/22/2020,02/01/2020,07/11/2020,New Mexico,Male,1-4 years,0.0
07/22/2020,02/01/2020,07/11/2020,New Mexico,Male,5-14 years,0.0
07/22/2020,02/01/2020,07/11/2020,New Mexico,Male,15-24 years,
07/22/2020,02/01/2020,07/11/2020,New Mexico,Male,25-34 years,13.0
07/22/2020,02/01/2020,07/11/2020,New Mexico,Male,35-44 years,17.0
07/22/2020,02/01/2020,07/11/2020,New Mexico,Male,45-54 years,22.0
07/22/2020,02/01/2020,07/11/2020,New Mexico,Male,55-64 years,38.0
07/22/2020,02/01/2020,07/11/2020,New Mexico,Male,65-74 years,61.0
07/22/2020,02/01/2020,07/11/2020,New Mexico,Male,75-84 years,48.0
07/22/2020,02/01/2020,07/11/2020,New Mexico,Male,85 years and over,67.0
07/22/2020,02/01/2020,07/11/2020,New Mexico,Male,All ages,267.0
07/22/2020,02/01/2020,07/11/2020,New Mexico,Female,Under 1 year,0.0
07/22/2020,02/01/2020,07/11/2020,New Mexico,Female,1-4 years,0.0
07/22/2020,02/01/2020,07/11/2020,New Mexico,Female,5-14 years,0.0
07/22/2020,02/01/2020,07/11/2020,New Mexico,Female,15-24 years,0.0
07/22/2020,02/01/2020,07/11/2020,New Mexico,Female,25-34 years,
07/22/2020,02/01/2020,07/11/2020,New Mexico,Female,35-44 years,
07/22/2020,02/01/2020,07/11/2020,New Mexico,Female,45-54 years,16.0
07/22/2020,02/01/2020,07/11/2020,New Mexico,Female,55-64 years,31.0
07/22/2020,02/01/2020,07/11/2020,New Mexico,Female,65-74 years,32.0
07/22/2020,02/01/2020,07/11/2020,New Mexico,Female,75-84 years,67.0
07/22/2020,02/01/2020,07/11/2020,New Mexico,Female,85 years and over,90.0
07/22/2020,02/01/2020,07/11/2020,New Mexico,Female,All ages,249.0
07/22/2020,02/01/2020,07/11/2020,New Mexico,Unknown,All ages,0.0
07/22/2020,02/01/2020,07/11/2020,New Mexico Total,All,All Ages,516.0
07/22/2020,02/01/2020,07/11/2020,New York,Male,Under 1 year,0.0
07/22/2020,02/01/2020,07/11/2020,New York,Male,1-4 years,0.0
07/22/2020,02/01/2020,07/11/2020,New York,Male,5-14 years,
07/22/2020,02/01/2020,07/11/2020,New York,Male,15-24 years,10.0
07/22/2020,02/01/2020,07/11/2020,New York,Male,25-34 years,43.0
07/22/2020,02/01/2020,07/11/2020,New York,Male,35-44 years,121.0
07/22/2020,02/01/2020,07/11/2020,New York,Male,45-54 years,365.0
07/22/2020,02/01/2020,07/11/2020,New York,Male,55-64 years,898.0
07/22/2020,02/01/2020,07/11/2020,New York,Male,65-74 years,1438.0
07/22/2020,02/01/2020,07/11/2020,New York,Male,75-84 years,1563.0
07/22/2020,02/01/2020,07/11/2020,New York,Male,85 years and over,1501.0
07/22/2020,02/01/2020,07/11/2020,New York,Male,All ages,5941.0
07/22/2020,02/01/2020,07/11/2020,New York,Female,Under 1 year,0.0
07/22/2020,02/01/2020,07/11/2020,New York,Female,1-4 years,0.0
07/22/2020,02/01/2020,07/11/2020,New York,Female,5-14 years,0.0
07/22/2020,02/01/2020,07/11/2020,New York,Female,15-24 years,
07/22/2020,02/01/2020,07/11/2020,New York,Female,25-34 years,19.0
07/22/2020,02/01/2020,07/11/2020,New York,Female,35-44 years,50.0
07/22/2020,02/01/2020,07/11/2020,New York,Female,45-54 years,128.0
07/22/2020,02/01/2020,07/11/2020,New York,Female,55-64 years,429.0
07/22/2020,02/01/2020,07/11/2020,New York,Female,65-74 years,803.0
07/22/2020,02/01/2020,07/11/2020,New York,Female,75-84 years,1318.0
07/22/2020,02/01/2020,07/11/2020,New York,Female,85 years and over,2552.0
07/22/2020,02/01/2020,07/11/2020,New York,Female,All ages,5301.0
07/22/2020,02/01/2020,07/11/2020,New York,Unknown,All ages,0.0
07/22/2020,02/01/2020,07/11/2020,New York Total,All,All Ages,11242.0
07/22/2020,02/01/2020,07/11/2020,New York City,Male,Under 1 year,
07/22/2020,02/01/2020,07/11/2020,New York City,Male,1-4 years,
07/22/2020,02/01/2020,07/11/2020,New York City,Male,5-14 years,
07/22/2020,02/01/2020,07/11/2020,New York City,Male,15-24 years,23.0
07/22/2020,02/01/2020,07/11/2020,New York City,Male,25-34 years,111.0
07/22/2020,02/01/2020,07/11/2020,New York City,Male,35-44 years,394.0
07/22/2020,02/01/2020,07/11/2020,New York City,Male,45-54 years,978.0
07/22/2020,02/01/2020,07/11/2020,New York City,Male,55-64 years,2198.0
07/22/2020,02/01/2020,07/11/2020,New York City,Male,65-74 years,3245.0
07/22/2020,02/01/2020,07/11/2020,New York City,Male,75-84 years,3076.0
07/22/2020,02/01/2020,07/11/2020,New York City,Male,85 years and over,2088.0
07/22/2020,02/01/2020,07/11/2020,New York City,Male,All ages,12120.0
07/22/2020,02/01/2020,07/11/2020,New York City,Female,Under 1 year,
07/22/2020,02/01/2020,07/11/2020,New York City,Female,1-4 years,
07/22/2020,02/01/2020,07/11/2020,New York City,Female,5-14 years,
07/22/2020,02/01/2020,07/11/2020,New York City,Female,15-24 years,10.0
07/22/2020,02/01/2020,07/11/2020,New York City,Female,25-34 years,54.0
07/22/2020,02/01/2020,07/11/2020,New York City,Female,35-44 years,115.0
07/22/2020,02/01/2020,07/11/2020,New York City,Female,45-54 years,391.0
07/22/2020,02/01/2020,07/11/2020,New York City,Female,55-64 years,1047.0
07/22/2020,02/01/2020,07/11/2020,New York City,Female,65-74 years,1745.0
07/22/2020,02/01/2020,07/11/2020,New York City,Female,75-84 years,2266.0
07/22/2020,02/01/2020,07/11/2020,New York City,Female,85 years and over,2709.0
07/22/2020,02/01/2020,07/11/2020,New York City,Female,All ages,8340.0
07/22/2020,02/01/2020,07/11/2020,New York City,Unknown,All ages,0.0
07/22/2020,02/01/2020,07/11/2020,New York City Total,All,All Ages,20460.0
07/22/2020,02/01/2020,07/11/2020,North Carolina,Male,Under 1 year,0.0
07/22/2020,02/01/2020,07/11/2020,North Carolina,Male,1-4 years,0.0
07/22/2020,02/01/2020,07/11/2020,North Carolina,Male,5-14 years,0.0
07/22/2020,02/01/2020,07/11/2020,North Carolina,Male,15-24 years,
07/22/2020,02/01/2020,07/11/2020,North Carolina,Male,25-34 years,
07/22/2020,02/01/2020,07/11/2020,North Carolina,Male,35-44 years,20.0
07/22/2020,02/01/2020,07/11/2020,North Carolina,Male,45-54 years,44.0
07/22/2020,02/01/2020,07/11/2020,North Carolina,Male,55-64 years,85.0
07/22/2020,02/01/2020,07/11/2020,North Carolina,Male,65-74 years,148.0
07/22/2020,02/01/2020,07/11/2020,North Carolina,Male,75-84 years,191.0
07/22/2020,02/01/2020,07/11/2020,North Carolina,Male,85 years and over,155.0
07/22/2020,02/01/2020,07/11/2020,North Carolina,Male,All ages,652.0
07/22/2020,02/01/2020,07/11/2020,North Carolina,Female,Under 1 year,0.0
07/22/2020,02/01/2020,07/11/2020,North Carolina,Female,1-4 years,0.0
07/22/2020,02/01/2020,07/11/2020,North Carolina,Female,5-14 years,0.0
07/22/2020,02/01/2020,07/11/2020,North Carolina,Female,15-24 years,0.0
07/22/2020,02/01/2020,07/11/2020,North Carolina,Female,25-34 years,
07/22/2020,02/01/2020,07/11/2020,North Carolina,Female,35-44 years,
07/22/2020,02/01/2020,07/11/2020,North Carolina,Female,45-54 years,23.0
07/22/2020,02/01/2020,07/11/2020,North Carolina,Female,55-64 years,41.0
07/22/2020,02/01/2020,07/11/2020,North Carolina,Female,65-74 years,104.0
07/22/2020,02/01/2020,07/11/2020,North Carolina,Female,75-84 years,168.0
07/22/2020,02/01/2020,07/11/2020,North Carolina,Female,85 years and over,226.0
07/22/2020,02/01/2020,07/11/2020,North Carolina,Female,All ages,570.0
07/22/2020,02/01/2020,07/11/2020,North Carolina,Unknown,All ages,0.0
07/22/2020,02/01/2020,07/11/2020,North Carolina Total,All,All Ages,1222.0
07/22/2020,02/01/2020,07/11/2020,North Dakota,Male,Under 1 year,0.0
07/22/2020,02/01/2020,07/11/2020,North Dakota,Male,1-4 years,0.0
07/22/2020,02/01/2020,07/11/2020,North Dakota,Male,5-14 years,0.0
07/22/2020,02/01/2020,07/11/2020,North Dakota,Male,15-24 years,0.0
07/22/2020,02/01/2020,07/11/2020,North Dakota,Male,25-34 years,0.0
07/22/2020,02/01/2020,07/11/2020,North Dakota,Male,35-44 years,
07/22/2020,02/01/2020,07/11/2020,North Dakota,Male,45-54 years,
07/22/2020,02/01/2020,07/11/2020,North Dakota,Male,55-64 years,11.0
07/22/2020,02/01/2020,07/11/2020,North Dakota,Male,65-74 years,11.0
07/22/2020,02/01/2020,07/11/2020,North Dakota,Male,75-84 years,13.0
07/22/2020,02/01/2020,07/11/2020,North Dakota,Male,85 years and over,20.0
07/22/2020,02/01/2020,07/11/2020,North Dakota,Male,All ages,61.0
07/22/2020,02/01/2020,07/11/2020,North Dakota,Female,Under 1 year,0.0
07/22/2020,02/01/2020,07/11/2020,North Dakota,Female,1-4 years,0.0
07/22/2020,02/01/2020,07/11/2020,North Dakota,Female,5-14 years,0.0
07/22/2020,02/01/2020,07/11/2020,North Dakota,Female,15-24 years,0.0
07/22/2020,02/01/2020,07/11/2020,North Dakota,Female,25-34 years,0.0
07/22/2020,02/01/2020,07/11/2020,North Dakota,Female,35-44 years,0.0
07/22/2020,02/01/2020,07/11/2020,North Dakota,Female,45-54 years,0.0
07/22/2020,02/01/2020,07/11/2020,North Dakota,Female,55-64 years,
07/22/2020,02/01/2020,07/11/2020,North Dakota,Female,65-74 years,
07/22/2020,02/01/2020,07/11/2020,North Dakota,Female,75-84 years,14.0
07/22/2020,02/01/2020,07/11/2020,North Dakota,Female,85 years and over,22.0
07/22/2020,02/01/2020,07/11/2020,North Dakota,Female,All ages,43.0
07/22/2020,02/01/2020,07/11/2020,North Dakota,Unknown,All ages,0.0
07/22/2020,02/01/2020,07/11/2020,North Dakota Total,All,All Ages,104.0
07/22/2020,02/01/2020,07/11/2020,Ohio,Male,Under 1 year,0.0
07/22/2020,02/01/2020,07/11/2020,Ohio,Male,1-4 years,0.0
07/22/2020,02/01/2020,07/11/2020,Ohio,Male,5-14 years,0.0
07/22/2020,02/01/2020,07/11/2020,Ohio,Male,15-24 years,
07/22/2020,02/01/2020,07/11/2020,Ohio,Male,25-34 years,
07/22/2020,02/01/2020,07/11/2020,Ohio,Male,35-44 years,21.0
07/22/2020,02/01/2020,07/11/2020,Ohio,Male,45-54 years,59.0
07/22/2020,02/01/2020,07/11/2020,Ohio,Male,55-64 years,181.0
07/22/2020,02/01/2020,07/11/2020,Ohio,Male,65-74 years,347.0
07/22/2020,02/01/2020,07/11/2020,Ohio,Male,75-84 years,399.0
07/22/2020,02/01/2020,07/11/2020,Ohio,Male,85 years and over,407.0
07/22/2020,02/01/2020,07/11/2020,Ohio,Male,All ages,1419.0
07/22/2020,02/01/2020,07/11/2020,Ohio,Female,Under 1 year,0.0
07/22/2020,02/01/2020,07/11/2020,Ohio,Female,1-4 years,0.0
07/22/2020,02/01/2020,07/11/2020,Ohio,Female,5-14 years,0.0
07/22/2020,02/01/2020,07/11/2020,Ohio,Female,15-24 years,
07/22/2020,02/01/2020,07/11/2020,Ohio,Female,25-34 years,
07/22/2020,02/01/2020,07/11/2020,Ohio,Female,35-44 years,
07/22/2020,02/01/2020,07/11/2020,Ohio,Female,45-54 years,24.0
07/22/2020,02/01/2020,07/11/2020,Ohio,Female,55-64 years,89.0
07/22/2020,02/01/2020,07/11/2020,Ohio,Female,65-74 years,191.0
07/22/2020,02/01/2020,07/11/2020,Ohio,Female,75-84 years,384.0
07/22/2020,02/01/2020,07/11/2020,Ohio,Female,85 years and over,584.0
07/22/2020,02/01/2020,07/11/2020,Ohio,Female,All ages,1284.0
07/22/2020,02/01/2020,07/11/2020,Ohio,Unknown,All ages,0.0
07/22/2020,02/01/2020,07/11/2020,Ohio Total,All,All Ages,2703.0
07/22/2020,02/01/2020,07/11/2020,Oklahoma,Male,Under 1 year,0.0
07/22/2020,02/01/2020,07/11/2020,Oklahoma,Male,1-4 years,0.0
07/22/2020,02/01/2020,07/11/2020,Oklahoma,Male,5-14 years,0.0
07/22/2020,02/01/2020,07/11/2020,Oklahoma,Male,15-24 years,
07/22/2020,02/01/2020,07/11/2020,Oklahoma,Male,25-34 years,
07/22/2020,02/01/2020,07/11/2020,Oklahoma,Male,35-44 years,
07/22/2020,02/01/2020,07/11/2020,Oklahoma,Male,45-54 years,
07/22/2020,02/01/2020,07/11/2020,Oklahoma,Male,55-64 years,34.0
07/22/2020,02/01/2020,07/11/2020,Oklahoma,Male,65-74 years,59.0
07/22/2020,02/01/2020,07/11/2020,Oklahoma,Male,75-84 years,58.0
07/22/2020,02/01/2020,07/11/2020,Oklahoma,Male,85 years and over,59.0
07/22/2020,02/01/2020,07/11/2020,Oklahoma,Male,All ages,226.0
07/22/2020,02/01/2020,07/11/2020,Oklahoma,Female,Under 1 year,0.0
07/22/2020,02/01/2020,07/11/2020,Oklahoma,Female,1-4 years,0.0
07/22/2020,02/01/2020,07/11/2020,Oklahoma,Female,5-14 years,0.0
07/22/2020,02/01/2020,07/11/2020,Oklahoma,Female,15-24 years,0.0
07/22/2020,02/01/2020,07/11/2020,Oklahoma,Female,25-34 years,
07/22/2020,02/01/2020,07/11/2020,Oklahoma,Female,35-44 years,
07/22/2020,02/01/2020,07/11/2020,Oklahoma,Female,45-54 years,
07/22/2020,02/01/2020,07/11/2020,Oklahoma,Female,55-64 years,23.0
07/22/2020,02/01/2020,07/11/2020,Oklahoma,Female,65-74 years,47.0
07/22/2020,02/01/2020,07/11/2020,Oklahoma,Female,75-84 years,44.0
07/22/2020,02/01/2020,07/11/2020,Oklahoma,Female,85 years and over,74.0
07/22/2020,02/01/2020,07/11/2020,Oklahoma,Female,All ages,195.0
07/22/2020,02/01/2020,07/11/2020,Oklahoma,Unknown,All ages,0.0
07/22/2020,02/01/2020,07/11/2020,Oklahoma Total,All,All Ages,421.0
07/22/2020,02/01/2020,07/11/2020,Oregon,Male,Under 1 year,0.0
07/22/2020,02/01/2020,07/11/2020,Oregon,Male,1-4 years,0.0
07/22/2020,02/01/2020,07/11/2020,Oregon,Male,5-14 years,0.0
07/22/2020,02/01/2020,07/11/2020,Oregon,Male,15-24 years,0.0
07/22/2020,02/01/2020,07/11/2020,Oregon,Male,25-34 years,
07/22/2020,02/01/2020,07/11/2020,Oregon,Male,35-44 years,
07/22/2020,02/01/2020,07/11/2020,Oregon,Male,45-54 years,
07/22/2020,02/01/2020,07/11/2020,Oregon,Male,55-64 years,19.0
07/22/2020,02/01/2020,07/11/2020,Oregon,Male,65-74 years,39.0
07/22/2020,02/01/2020,07/11/2020,Oregon,Male,75-84 years,32.0
07/22/2020,02/01/2020,07/11/2020,Oregon,Male,85 years and over,38.0
07/22/2020,02/01/2020,07/11/2020,Oregon,Male,All ages,139.0
07/22/2020,02/01/2020,07/11/2020,Oregon,Female,Under 1 year,0.0
07/22/2020,02/01/2020,07/11/2020,Oregon,Female,1-4 years,0.0
07/22/2020,02/01/2020,07/11/2020,Oregon,Female,5-14 years,0.0
07/22/2020,02/01/2020,07/11/2020,Oregon,Female,15-24 years,0.0
07/22/2020,02/01/2020,07/11/2020,Oregon,Female,25-34 years,
07/22/2020,02/01/2020,07/11/2020,Oregon,Female,35-44 years,
07/22/2020,02/01/2020,07/11/2020,Oregon,Female,45-54 years,
07/22/2020,02/01/2020,07/11/2020,Oregon,Female,55-64 years,
07/22/2020,02/01/2020,07/11/2020,Oregon,Female,65-74 years,24.0
07/22/2020,02/01/2020,07/11/2020,Oregon,Female,75-84 years,29.0
07/22/2020,02/01/2020,07/11/2020,Oregon,Female,85 years and over,51.0
07/22/2020,02/01/2020,07/11/2020,Oregon,Female,All ages,118.0
07/22/2020,02/01/2020,07/11/2020,Oregon,Unknown,All ages,0.0
07/22/2020,02/01/2020,07/11/2020,Oregon Total,All,All Ages,257.0
07/22/2020,02/01/2020,07/11/2020,Pennsylvania,Male,Under 1 year,0.0
07/22/2020,02/01/2020,07/11/2020,Pennsylvania,Male,1-4 years,0.0
07/22/2020,02/01/2020,07/11/2020,Pennsylvania,Male,5-14 years,0.0
07/22/2020,02/01/2020,07/11/2020,Pennsylvania,Male,15-24 years,
07/22/2020,02/01/2020,07/11/2020,Pennsylvania,Male,25-34 years,17.0
07/22/2020,02/01/2020,07/11/2020,Pennsylvania,Male,35-44 years,38.0
07/22/2020,02/01/2020,07/11/2020,Pennsylvania,Male,45-54 years,157.0
07/22/2020,02/01/2020,07/11/2020,Pennsylvania,Male,55-64 years,414.0
07/22/2020,02/01/2020,07/11/2020,Pennsylvania,Male,65-74 years,763.0
07/22/2020,02/01/2020,07/11/2020,Pennsylvania,Male,75-84 years,990.0
07/22/2020,02/01/2020,07/11/2020,Pennsylvania,Male,85 years and over,1133.0
07/22/2020,02/01/2020,07/11/2020,Pennsylvania,Male,All ages,3517.0
07/22/2020,02/01/2020,07/11/2020,Pennsylvania,Female,Under 1 year,0.0
07/22/2020,02/01/2020,07/11/2020,Pennsylvania,Female,1-4 years,0.0
07/22/2020,02/01/2020,07/11/2020,Pennsylvania,Female,5-14 years,0.0
07/22/2020,02/01/2020,07/11/2020,Pennsylvania,Female,15-24 years,
07/22/2020,02/01/2020,07/11/2020,Pennsylvania,Female,25-34 years,
07/22/2020,02/01/2020,07/11/2020,Pennsylvania,Female,35-44 years,17.0
07/22/2020,02/01/2020,07/11/2020,Pennsylvania,Female,45-54 years,65.0
07/22/2020,02/01/2020,07/11/2020,Pennsylvania,Female,55-64 years,239.0
07/22/2020,02/01/2020,07/11/2020,Pennsylvania,Female,65-74 years,535.0
07/22/2020,02/01/2020,07/11/2020,Pennsylvania,Female,75-84 years,862.0
07/22/2020,02/01/2020,07/11/2020,Pennsylvania,Female,85 years and over,1986.0
07/22/2020,02/01/2020,07/11/2020,Pennsylvania,Female,All ages,3710.0
07/22/2020,02/01/2020,07/11/2020,Pennsylvania,Unknown,All ages,0.0
07/22/2020,02/01/2020,07/11/2020,Pennsylvania Total,All,All Ages,7227.0
07/22/2020,02/01/2020,07/11/2020,Rhode Island,Male,Under 1 year,0.0
07/22/2020,02/01/2020,07/11/2020,Rhode Island,Male,1-4 years,0.0
07/22/2020,02/01/2020,07/11/2020,Rhode Island,Male,5-14 years,0.0
07/22/2020,02/01/2020,07/11/2020,Rhode Island,Male,15-24 years,0.0
07/22/2020,02/01/2020,07/11/2020,Rhode Island,Male,25-34 years,
07/22/2020,02/01/2020,07/11/2020,Rhode Island,Male,35-44 years,
07/22/2020,02/01/2020,07/11/2020,Rhode Island,Male,45-54 years,
07/22/2020,02/01/2020,07/11/2020,Rhode Island,Male,55-64 years,47.0
07/22/2020,02/01/2020,07/11/2020,Rhode Island,Male,65-74 years,97.0
07/22/2020,02/01/2020,07/11/2020,Rhode Island,Male,75-84 years,124.0
07/22/2020,02/01/2020,07/11/2020,Rhode Island,Male,85 years and over,137.0
07/22/2020,02/01/2020,07/11/2020,Rhode Island,Male,All ages,422.0
07/22/2020,02/01/2020,07/11/2020,Rhode Island,Female,Under 1 year,0.0
07/22/2020,02/01/2020,07/11/2020,Rhode Island,Female,1-4 years,0.0
07/22/2020,02/01/2020,07/11/2020,Rhode Island,Female,5-14 years,
07/22/2020,02/01/2020,07/11/2020,Rhode Island,Female,15-24 years,0.0
07/22/2020,02/01/2020,07/11/2020,Rhode Island,Female,25-34 years,
07/22/2020,02/01/2020,07/11/2020,Rhode Island,Female,35-44 years,
07/22/2020,02/01/2020,07/11/2020,Rhode Island,Female,45-54 years,
07/22/2020,02/01/2020,07/11/2020,Rhode Island,Female,55-64 years,20.0
07/22/2020,02/01/2020,07/11/2020,Rhode Island,Female,65-74 years,72.0
07/22/2020,02/01/2020,07/11/2020,Rhode Island,Female,75-84 years,120.0
07/22/2020,02/01/2020,07/11/2020,Rhode Island,Female,85 years and over,295.0
07/22/2020,02/01/2020,07/11/2020,Rhode Island,Female,All ages,516.0
07/22/2020,02/01/2020,07/11/2020,Rhode Island,Unknown,All ages,
07/22/2020,02/01/2020,07/11/2020,Rhode Island Total,All,All Ages,940.0
07/22/2020,02/01/2020,07/11/2020,South Carolina,Male,Under 1 year,0.0
07/22/2020,02/01/2020,07/11/2020,South Carolina,Male,1-4 years,0.0
07/22/2020,02/01/2020,07/11/2020,South Carolina,Male,5-14 years,0.0
07/22/2020,02/01/2020,07/11/2020,South Carolina,Male,15-24 years,
07/22/2020,02/01/2020,07/11/2020,South Carolina,Male,25-34 years,
07/22/2020,02/01/2020,07/11/2020,South Carolina,Male,35-44 years,12.0
07/22/2020,02/01/2020,07/11/2020,South Carolina,Male,45-54 years,20.0
07/22/2020,02/01/2020,07/11/2020,South Carolina,Male,55-64 years,73.0
07/22/2020,02/01/2020,07/11/2020,South Carolina,Male,65-74 years,124.0
07/22/2020,02/01/2020,07/11/2020,South Carolina,Male,75-84 years,161.0
07/22/2020,02/01/2020,07/11/2020,South Carolina,Male,85 years and over,92.0
07/22/2020,02/01/2020,07/11/2020,South Carolina,Male,All ages,488.0
07/22/2020,02/01/2020,07/11/2020,South Carolina,Female,Under 1 year,0.0
07/22/2020,02/01/2020,07/11/2020,South Carolina,Female,1-4 years,0.0
07/22/2020,02/01/2020,07/11/2020,South Carolina,Female,5-14 years,0.0
07/22/2020,02/01/2020,07/11/2020,South Carolina,Female,15-24 years,
07/22/2020,02/01/2020,07/11/2020,South Carolina,Female,25-34 years,
07/22/2020,02/01/2020,07/11/2020,South Carolina,Female,35-44 years,
07/22/2020,02/01/2020,07/11/2020,South Carolina,Female,45-54 years,21.0
07/22/2020,02/01/2020,07/11/2020,South Carolina,Female,55-64 years,60.0
07/22/2020,02/01/2020,07/11/2020,South Carolina,Female,65-74 years,122.0
07/22/2020,02/01/2020,07/11/2020,South Carolina,Female,75-84 years,131.0
07/22/2020,02/01/2020,07/11/2020,South Carolina,Female,85 years and over,141.0
07/22/2020,02/01/2020,07/11/2020,South Carolina,Female,All ages,479.0
07/22/2020,02/01/2020,07/11/2020,South Carolina,Unknown,All ages,0.0
07/22/2020,02/01/2020,07/11/2020,South Carolina Total,All,All Ages,967.0
07/22/2020,02/01/2020,07/11/2020,South Dakota,Male,Under 1 year,0.0
07/22/2020,02/01/2020,07/11/2020,South Dakota,Male,1-4 years,0.0
07/22/2020,02/01/2020,07/11/2020,South Dakota,Male,5-14 years,0.0
07/22/2020,02/01/2020,07/11/2020,South Dakota,Male,15-24 years,0.0
07/22/2020,02/01/2020,07/11/2020,South Dakota,Male,25-34 years,
07/22/2020,02/01/2020,07/11/2020,South Dakota,Male,35-44 years,
07/22/2020,02/01/2020,07/11/2020,South Dakota,Male,45-54 years,
07/22/2020,02/01/2020,07/11/2020,South Dakota,Male,55-64 years,17.0
07/22/2020,02/01/2020,07/11/2020,South Dakota,Male,65-74 years,
07/22/2020,02/01/2020,07/11/2020,South Dakota,Male,75-84 years,
07/22/2020,02/01/2020,07/11/2020,South Dakota,Male,85 years and over,14.0
07/22/2020,02/01/2020,07/11/2020,South Dakota,Male,All ages,57.0
07/22/2020,02/01/2020,07/11/2020,South Dakota,Female,Under 1 year,0.0
07/22/2020,02/01/2020,07/11/2020,South Dakota,Female,1-4 years,0.0
07/22/2020,02/01/2020,07/11/2020,South Dakota,Female,5-14 years,0.0
07/22/2020,02/01/2020,07/11/2020,South Dakota,Female,15-24 years,
07/22/2020,02/01/2020,07/11/2020,South Dakota,Female,25-34 years,0.0
07/22/2020,02/01/2020,07/11/2020,South Dakota,Female,35-44 years,0.0
07/22/2020,02/01/2020,07/11/2020,South Dakota,Female,45-54 years,
07/22/2020,02/01/2020,07/11/2020,South Dakota,Female,55-64 years,
07/22/2020,02/01/2020,07/11/2020,South Dakota,Female,65-74 years,11.0
07/22/2020,02/01/2020,07/11/2020,South Dakota,Female,75-84 years,
07/22/2020,02/01/2020,07/11/2020,South Dakota,Female,85 years and over,26.0
07/22/2020,02/01/2020,07/11/2020,South Dakota,Female,All ages,59.0
07/22/2020,02/01/2020,07/11/2020,South Dakota,Unknown,All ages,0.0
07/22/2020,02/01/2020,07/11/2020,South Dakota Total,All,All Ages,116.0
07/22/2020,02/01/2020,07/11/2020,Tennessee,Male,Under 1 year,
07/22/2020,02/01/2020,07/11/2020,Tennessee,Male,1-4 years,0.0
07/22/2020,02/01/2020,07/11/2020,Tennessee,Male,5-14 years,0.0
07/22/2020,02/01/2020,07/11/2020,Tennessee,Male,15-24 years,0.0
07/22/2020,02/01/2020,07/11/2020,Tennessee,Male,25-34 years,
07/22/2020,02/01/2020,07/11/2020,Tennessee,Male,35-44 years,13.0
07/22/2020,02/01/2020,07/11/2020,Tennessee,Male,45-54 years,24.0
07/22/2020,02/01/2020,07/11/2020,Tennessee,Male,55-64 years,66.0
07/22/2020,02/01/2020,07/11/2020,Tennessee,Male,65-74 years,97.0
07/22/2020,02/01/2020,07/11/2020,Tennessee,Male,75-84 years,118.0
07/22/2020,02/01/2020,07/11/2020,Tennessee,Male,85 years and over,52.0
07/22/2020,02/01/2020,07/11/2020,Tennessee,Male,All ages,376.0
07/22/2020,02/01/2020,07/11/2020,Tennessee,Female,Under 1 year,0.0
07/22/2020,02/01/2020,07/11/2020,Tennessee,Female,1-4 years,
07/22/2020,02/01/2020,07/11/2020,Tennessee,Female,5-14 years,0.0
07/22/2020,02/01/2020,07/11/2020,Tennessee,Female,15-24 years,0.0
07/22/2020,02/01/2020,07/11/2020,Tennessee,Female,25-34 years,
07/22/2020,02/01/2020,07/11/2020,Tennessee,Female,35-44 years,
07/22/2020,02/01/2020,07/11/2020,Tennessee,Female,45-54 years,12.0
07/22/2020,02/01/2020,07/11/2020,Tennessee,Female,55-64 years,33.0
07/22/2020,02/01/2020,07/11/2020,Tennessee,Female,65-74 years,61.0
07/22/2020,02/01/2020,07/11/2020,Tennessee,Female,75-84 years,87.0
07/22/2020,02/01/2020,07/11/2020,Tennessee,Female,85 years and over,93.0
07/22/2020,02/01/2020,07/11/2020,Tennessee,Female,All ages,296.0
07/22/2020,02/01/2020,07/11/2020,Tennessee,Unknown,All ages,0.0
07/22/2020,02/01/2020,07/11/2020,Tennessee Total,All,All Ages,672.0
07/22/2020,02/01/2020,07/11/2020,Texas,Male,Under 1 year,
07/22/2020,02/01/2020,07/11/2020,Texas,Male,1-4 years,0.0
07/22/2020,02/01/2020,07/11/2020,Texas,Male,5-14 years,
07/22/2020,02/01/2020,07/11/2020,Texas,Male,15-24 years,
07/22/2020,02/01/2020,07/11/2020,Texas,Male,25-34 years,41.0
07/22/2020,02/01/2020,07/11/2020,Texas,Male,35-44 years,82.0
07/22/2020,02/01/2020,07/11/2020,Texas,Male,45-54 years,214.0
07/22/2020,02/01/2020,07/11/2020,Texas,Male,55-64 years,426.0
07/22/2020,02/01/2020,07/11/2020,Texas,Male,65-74 years,577.0
07/22/2020,02/01/2020,07/11/2020,Texas,Male,75-84 years,531.0
07/22/2020,02/01/2020,07/11/2020,Texas,Male,85 years and over,358.0
07/22/2020,02/01/2020,07/11/2020,Texas,Male,All ages,2237.0
07/22/2020,02/01/2020,07/11/2020,Texas,Female,Under 1 year,0.0
07/22/2020,02/01/2020,07/11/2020,Texas,Female,1-4 years,
07/22/2020,02/01/2020,07/11/2020,Texas,Female,5-14 years,0.0
07/22/2020,02/01/2020,07/11/2020,Texas,Female,15-24 years,
07/22/2020,02/01/2020,07/11/2020,Texas,Female,25-34 years,14.0
07/22/2020,02/01/2020,07/11/2020,Texas,Female,35-44 years,40.0
07/22/2020,02/01/2020,07/11/2020,Texas,Female,45-54 years,87.0
07/22/2020,02/01/2020,07/11/2020,Texas,Female,55-64 years,183.0
07/22/2020,02/01/2020,07/11/2020,Texas,Female,65-74 years,301.0
07/22/2020,02/01/2020,07/11/2020,Texas,Female,75-84 years,377.0
07/22/2020,02/01/2020,07/11/2020,Texas,Female,85 years and over,462.0
07/22/2020,02/01/2020,07/11/2020,Texas,Female,All ages,1469.0
07/22/2020,02/01/2020,07/11/2020,Texas,Unknown,All ages,0.0
07/22/2020,02/01/2020,07/11/2020,Texas Total,All,All Ages,3706.0
07/22/2020,02/01/2020,07/11/2020,Utah,Male,Under 1 year,0.0
07/22/2020,02/01/2020,07/11/2020,Utah,Male,1-4 years,0.0
07/22/2020,02/01/2020,07/11/2020,Utah,Male,5-14 years,0.0
07/22/2020,02/01/2020,07/11/2020,Utah,Male,15-24 years,
07/22/2020,02/01/2020,07/11/2020,Utah,Male,25-34 years,
07/22/2020,02/01/2020,07/11/2020,Utah,Male,35-44 years,
07/22/2020,02/01/2020,07/11/2020,Utah,Male,45-54 years,
07/22/2020,02/01/2020,07/11/2020,Utah,Male,55-64 years,27.0
07/22/2020,02/01/2020,07/11/2020,Utah,Male,65-74 years,38.0
07/22/2020,02/01/2020,07/11/2020,Utah,Male,75-84 years,34.0
07/22/2020,02/01/2020,07/11/2020,Utah,Male,85 years and over,19.0
07/22/2020,02/01/2020,07/11/2020,Utah,Male,All ages,135.0
07/22/2020,02/01/2020,07/11/2020,Utah,Female,Under 1 year,0.0
07/22/2020,02/01/2020,07/11/2020,Utah,Female,1-4 years,0.0
07/22/2020,02/01/2020,07/11/2020,Utah,Female,5-14 years,0.0
07/22/2020,02/01/2020,07/11/2020,Utah,Female,15-24 years,
07/22/2020,02/01/2020,07/11/2020,Utah,Female,25-34 years,
07/22/2020,02/01/2020,07/11/2020,Utah,Female,35-44 years,
07/22/2020,02/01/2020,07/11/2020,Utah,Female,45-54 years,
07/22/2020,02/01/2020,07/11/2020,Utah,Female,55-64 years,
07/22/2020,02/01/2020,07/11/2020,Utah,Female,65-74 years,17.0
07/22/2020,02/01/2020,07/11/2020,Utah,Female,75-84 years,22.0
07/22/2020,02/01/2020,07/11/2020,Utah,Female,85 years and over,26.0
07/22/2020,02/01/2020,07/11/2020,Utah,Female,All ages,84.0
07/22/2020,02/01/2020,07/11/2020,Utah,Unknown,All ages,0.0
07/22/2020,02/01/2020,07/11/2020,Utah Total,All,All Ages,219.0
07/22/2020,02/01/2020,07/11/2020,Vermont,Male,Under 1 year,0.0
07/22/2020,02/01/2020,07/11/2020,Vermont,Male,1-4 years,0.0
07/22/2020,02/01/2020,07/11/2020,Vermont,Male,5-14 years,0.0
07/22/2020,02/01/2020,07/11/2020,Vermont,Male,15-24 years,0.0
07/22/2020,02/01/2020,07/11/2020,Vermont,Male,25-34 years,0.0
07/22/2020,02/01/2020,07/11/2020,Vermont,Male,35-44 years,
07/22/2020,02/01/2020,07/11/2020,Vermont,Male,45-54 years,
07/22/2020,02/01/2020,07/11/2020,Vermont,Male,55-64 years,
07/22/2020,02/01/2020,07/11/2020,Vermont,Male,65-74 years,
07/22/2020,02/01/2020,07/11/2020,Vermont,Male,75-84 years,16.0
07/22/2020,02/01/2020,07/11/2020,Vermont,Male,85 years and over,
07/22/2020,02/01/2020,07/11/2020,Vermont,Male,All ages,33.0
07/22/2020,02/01/2020,07/11/2020,Vermont,Female,Under 1 year,0.0
07/22/2020,02/01/2020,07/11/2020,Vermont,Female,1-4 years,0.0
07/22/2020,02/01/2020,07/11/2020,Vermont,Female,5-14 years,0.0
07/22/2020,02/01/2020,07/11/2020,Vermont,Female,15-24 years,0.0
07/22/2020,02/01/2020,07/11/2020,Vermont,Female,25-34 years,0.0
07/22/2020,02/01/2020,07/11/2020,Vermont,Female,35-44 years,
07/22/2020,02/01/2020,07/11/2020,Vermont,Female,45-54 years,
07/22/2020,02/01/2020,07/11/2020,Vermont,Female,55-64 years,0.0
07/22/2020,02/01/2020,07/11/2020,Vermont,Female,65-74 years,
07/22/2020,02/01/2020,07/11/2020,Vermont,Female,75-84 years,
07/22/2020,02/01/2020,07/11/2020,Vermont,Female,85 years and over,10.0
07/22/2020,02/01/2020,07/11/2020,Vermont,Female,All ages,24.0
07/22/2020,02/01/2020,07/11/2020,Vermont,Unknown,All ages,0.0
07/22/2020,02/01/2020,07/11/2020,Vermont Total,All,All Ages,57.0
07/22/2020,02/01/2020,07/11/2020,Virginia,Male,Under 1 year,0.0
07/22/2020,02/01/2020,07/11/2020,Virginia,Male,1-4 years,0.0
07/22/2020,02/01/2020,07/11/2020,Virginia,Male,5-14 years,0.0
07/22/2020,02/01/2020,07/11/2020,Virginia,Male,15-24 years,
07/22/2020,02/01/2020,07/11/2020,Virginia,Male,25-34 years,
07/22/2020,02/01/2020,07/11/2020,Virginia,Male,35-44 years,18.0
07/22/2020,02/01/2020,07/11/2020,Virginia,Male,45-54 years,58.0
07/22/2020,02/01/2020,07/11/2020,Virginia,Male,55-64 years,143.0
07/22/2020,02/01/2020,07/11/2020,Virginia,Male,65-74 years,234.0
07/22/2020,02/01/2020,07/11/2020,Virginia,Male,75-84 years,306.0
07/22/2020,02/01/2020,07/11/2020,Virginia,Male,85 years and over,271.0
07/22/2020,02/01/2020,07/11/2020,Virginia,Male,All ages,1035.0
07/22/2020,02/01/2020,07/11/2020,Virginia,Female,Under 1 year,0.0
07/22/2020,02/01/2020,07/11/2020,Virginia,Female,1-4 years,0.0
07/22/2020,02/01/2020,07/11/2020,Virginia,Female,5-14 years,0.0
07/22/2020,02/01/2020,07/11/2020,Virginia,Female,15-24 years,0.0
07/22/2020,02/01/2020,07/11/2020,Virginia,Female,25-34 years,
07/22/2020,02/01/2020,07/11/2020,Virginia,Female,35-44 years,14.0
07/22/2020,02/01/2020,07/11/2020,Virginia,Female,45-54 years,28.0
07/22/2020,02/01/2020,07/11/2020,Virginia,Female,55-64 years,77.0
07/22/2020,02/01/2020,07/11/2020,Virginia,Female,65-74 years,170.0
07/22/2020,02/01/2020,07/11/2020,Virginia,Female,75-84 years,270.0
07/22/2020,02/01/2020,07/11/2020,Virginia,Female,85 years and over,473.0
07/22/2020,02/01/2020,07/11/2020,Virginia,Female,All ages,1033.0
07/22/2020,02/01/2020,07/11/2020,Virginia,Unknown,All ages,0.0
07/22/2020,02/01/2020,07/11/2020,Virginia Total,All,All Ages,2068.0
07/22/2020,02/01/2020,07/11/2020,Washington,Male,Under 1 year,0.0
07/22/2020,02/01/2020,07/11/2020,Washington,Male,1-4 years,0.0
07/22/2020,02/01/2020,07/11/2020,Washington,Male,5-14 years,0.0
07/22/2020,02/01/2020,07/11/2020,Washington,Male,15-24 years,
07/22/2020,02/01/2020,07/11/2020,Washington,Male,25-34 years,
07/22/2020,02/01/2020,07/11/2020,Washington,Male,35-44 years,15.0
07/22/2020,02/01/2020,07/11/2020,Washington,Male,45-54 years,32.0
07/22/2020,02/01/2020,07/11/2020,Washington,Male,55-64 years,81.0
07/22/2020,02/01/2020,07/11/2020,Washington,Male,65-74 years,139.0
07/22/2020,02/01/2020,07/11/2020,Washington,Male,75-84 years,187.0
07/22/2020,02/01/2020,07/11/2020,Washington,Male,85 years and over,207.0
07/22/2020,02/01/2020,07/11/2020,Washington,Male,All ages,668.0
07/22/2020,02/01/2020,07/11/2020,Washington,Female,Under 1 year,0.0
07/22/2020,02/01/2020,07/11/2020,Washington,Female,1-4 years,0.0
07/22/2020,02/01/2020,07/11/2020,Washington,Female,5-14 years,0.0
07/22/2020,02/01/2020,07/11/2020,Washington,Female,15-24 years,0.0
07/22/2020,02/01/2020,07/11/2020,Washington,Female,25-34 years,0.0
07/22/2020,02/01/2020,07/11/2020,Washington,Female,35-44 years,
07/22/2020,02/01/2020,07/11/2020,Washington,Female,45-54 years,16.0
07/22/2020,02/01/2020,07/11/2020,Washington,Female,55-64 years,42.0
07/22/2020,02/01/2020,07/11/2020,Washington,Female,65-74 years,103.0
07/22/2020,02/01/2020,07/11/2020,Washington,Female,75-84 years,152.0
07/22/2020,02/01/2020,07/11/2020,Washington,Female,85 years and over,249.0
07/22/2020,02/01/2020,07/11/2020,Washington,Female,All ages,567.0
07/22/2020,02/01/2020,07/11/2020,Washington,Unknown,All ages,0.0
07/22/2020,02/01/2020,07/11/2020,Washington Total,All,All Ages,1235.0
07/22/2020,02/01/2020,07/11/2020,West Virginia,Male,Under 1 year,0.0
07/22/2020,02/01/2020,07/11/2020,West Virginia,Male,1-4 years,0.0
07/22/2020,02/01/2020,07/11/2020,West Virginia,Male,5-14 years,0.0
07/22/2020,02/01/2020,07/11/2020,West Virginia,Male,15-24 years,0.0
07/22/2020,02/01/2020,07/11/2020,West Virginia,Male,25-34 years,
07/22/2020,02/01/2020,07/11/2020,West Virginia,Male,35-44 years,0.0
07/22/2020,02/01/2020,07/11/2020,West Virginia,Male,45-54 years,
07/22/2020,02/01/2020,07/11/2020,West Virginia,Male,55-64 years,
07/22/2020,02/01/2020,07/11/2020,West Virginia,Male,65-74 years,18.0
07/22/2020,02/01/2020,07/11/2020,West Virginia,Male,75-84 years,14.0
07/22/2020,02/01/2020,07/11/2020,West Virginia,Male,85 years and over,13.0
07/22/2020,02/01/2020,07/11/2020,West Virginia,Male,All ages,53.0
07/22/2020,02/01/2020,07/11/2020,West Virginia,Female,Under 1 year,0.0
07/22/2020,02/01/2020,07/11/2020,West Virginia,Female,1-4 years,0.0
07/22/2020,02/01/2020,07/11/2020,West Virginia,Female,5-14 years,0.0
07/22/2020,02/01/2020,07/11/2020,West Virginia,Female,15-24 years,0.0
07/22/2020,02/01/2020,07/11/2020,West Virginia,Female,25-34 years,
07/22/2020,02/01/2020,07/11/2020,West Virginia,Female,35-44 years,0.0
07/22/2020,02/01/2020,07/11/2020,West Virginia,Female,45-54 years,0.0
07/22/2020,02/01/2020,07/11/2020,West Virginia,Female,55-64 years,
07/22/2020,02/01/2020,07/11/2020,West Virginia,Female,65-74 years,10.0
07/22/2020,02/01/2020,07/11/2020,West Virginia,Female,75-84 years,13.0
07/22/2020,02/01/2020,07/11/2020,West Virginia,Female,85 years and over,25.0
07/22/2020,02/01/2020,07/11/2020,West Virginia,Female,All ages,50.0
07/22/2020,02/01/2020,07/11/2020,West Virginia,Unknown,All ages,0.0
07/22/2020,02/01/2020,07/11/2020,West Virginia Total,All,All Ages,103.0
07/22/2020,02/01/2020,07/11/2020,Wisconsin,Male,Under 1 year,0.0
07/22/2020,02/01/2020,07/11/2020,Wisconsin,Male,1-4 years,0.0
07/22/2020,02/01/2020,07/11/2020,Wisconsin,Male,5-14 years,0.0
07/22/2020,02/01/2020,07/11/2020,Wisconsin,Male,15-24 years,
07/22/2020,02/01/2020,07/11/2020,Wisconsin,Male,25-34 years,
07/22/2020,02/01/2020,07/11/2020,Wisconsin,Male,35-44 years,10.0
07/22/2020,02/01/2020,07/11/2020,Wisconsin,Male,45-54 years,29.0
07/22/2020,02/01/2020,07/11/2020,Wisconsin,Male,55-64 years,64.0
07/22/2020,02/01/2020,07/11/2020,Wisconsin,Male,65-74 years,112.0
07/22/2020,02/01/2020,07/11/2020,Wisconsin,Male,75-84 years,111.0
07/22/2020,02/01/2020,07/11/2020,Wisconsin,Male,85 years and over,108.0
07/22/2020,02/01/2020,07/11/2020,Wisconsin,Male,All ages,441.0
07/22/2020,02/01/2020,07/11/2020,Wisconsin,Female,Under 1 year,0.0
07/22/2020,02/01/2020,07/11/2020,Wisconsin,Female,1-4 years,0.0
07/22/2020,02/01/2020,07/11/2020,Wisconsin,Female,5-14 years,0.0
07/22/2020,02/01/2020,07/11/2020,Wisconsin,Female,15-24 years,
07/22/2020,02/01/2020,07/11/2020,Wisconsin,Female,25-34 years,
07/22/2020,02/01/2020,07/11/2020,Wisconsin,Female,35-44 years,
07/22/2020,02/01/2020,07/11/2020,Wisconsin,Female,45-54 years,12.0
07/22/2020,02/01/2020,07/11/2020,Wisconsin,Female,55-64 years,41.0
07/22/2020,02/01/2020,07/11/2020,Wisconsin,Female,65-74 years,76.0
07/22/2020,02/01/2020,07/11/2020,Wisconsin,Female,75-84 years,90.0
07/22/2020,02/01/2020,07/11/2020,Wisconsin,Female,85 years and over,157.0
07/22/2020,02/01/2020,07/11/2020,Wisconsin,Female,All ages,384.0
07/22/2020,02/01/2020,07/11/2020,Wisconsin,Unknown,All ages,0.0
07/22/2020,02/01/2020,07/11/2020,Wisconsin Total,All,All Ages,825.0
07/22/2020,02/01/2020,07/11/2020,Wyoming,Male,Under 1 year,0.0
07/22/2020,02/01/2020,07/11/2020,Wyoming,Male,1-4 years,0.0
07/22/2020,02/01/2020,07/11/2020,Wyoming,Male,5-14 years,0.0
07/22/2020,02/01/2020,07/11/2020,Wyoming,Male,15-24 years,0.0
07/22/2020,02/01/2020,07/11/2020,Wyoming,Male,25-34 years,0.0
07/22/2020,02/01/2020,07/11/2020,Wyoming,Male,35-44 years,0.0
07/22/2020,02/01/2020,07/11/2020,Wyoming,Male,45-54 years,
07/22/2020,02/01/2020,07/11/2020,Wyoming,Male,55-64 years,
07/22/2020,02/01/2020,07/11/2020,Wyoming,Male,65-74 years,
07/22/2020,02/01/2020,07/11/2020,Wyoming,Male,75-84 years,
07/22/2020,02/01/2020,07/11/2020,Wyoming,Male,85 years and over,
07/22/2020,02/01/2020,07/11/2020,Wyoming,Male,All ages,
07/22/2020,02/01/2020,07/11/2020,Wyoming,Female,Under 1 year,0.0
07/22/2020,02/01/2020,07/11/2020,Wyoming,Female,1-4 years,0.0
07/22/2020,02/01/2020,07/11/2020,Wyoming,Female,5-14 years,0.0
07/22/2020,02/01/2020,07/11/2020,Wyoming,Female,15-24 years,0.0
07/22/2020,02/01/2020,07/11/2020,Wyoming,Female,25-34 years,
07/22/2020,02/01/2020,07/11/2020,Wyoming,Female,35-44 years,0.0
07/22/2020,02/01/2020,07/11/2020,Wyoming,Female,45-54 years,
07/22/2020,02/01/2020,07/11/2020,Wyoming,Female,55-64 years,0.0
07/22/2020,02/01/2020,07/11/2020,Wyoming,Female,65-74 years,
07/22/2020,02/01/2020,07/11/2020,Wyoming,Female,75-84 years,
07/22/2020,02/01/2020,07/11/2020,Wyoming,Female,85 years and over,
07/22/2020,02/01/2020,07/11/2020,Wyoming,Female,All ages,
07/22/2020,02/01/2020,07/11/2020,Wyoming,Unknown,All ages,0.0
07/22/2020,02/01/2020,07/11/2020,Wyoming Total,All,All Ages,18.0
